image_path,emotion
0.jpg,sad
1.jpg,sad
2.jpg,sad
3.jpg,disgust
4.jpg,anger
5.jpg,fear
6.jpg,anger
7.jpg,anger
8.jpg,sad
9.jpg,fear
10.jpg,anger
11.jpg,anger
12.jpg,contempt
13.jpg,neutral
14.jpg,anger
15.jpg,anger
16.jpg,disgust
17.jpg,disgust
18.jpg,fear
19.jpg,disgust
20.jpg,neutral
21.jpg,neutral
22.jpg,disgust
23.jpg,anger
24.jpg,sad
25.jpg,fear
26.jpg,fear
27.jpg,sad
28.jpg,anger
29.jpg,anger
30.jpg,fear
31.jpg,fear
32.jpg,neutral
33.jpg,fear
34.jpg,fear
35.jpg,neutral
36.jpg,sad
37.jpg,surprise
38.jpg,fear
39.jpg,sad
40.jpg,fear
41.jpg,fear
42.jpg,fear
43.jpg,anger
44.jpg,happy
45.jpg,fear
46.jpg,sad
47.jpg,anger
48.jpg,fear
49.jpg,happy
50.jpg,sad
51.jpg,surprise
52.jpg,contempt
53.jpg,anger
54.jpg,disgust
55.jpg,contempt
56.jpg,disgust
57.jpg,anger
58.jpg,happy
59.jpg,anger
60.jpg,happy
61.jpg,fear
62.jpg,surprise
63.jpg,fear
64.jpg,anger
65.jpg,anger
66.jpg,anger
67.jpg,happy
68.jpg,fear
69.jpg,fear
70.jpg,surprise
71.jpg,sad
72.jpg,fear
73.jpg,disgust
74.jpg,contempt
75.jpg,happy
76.jpg,fear
77.jpg,neutral
78.jpg,sad
79.jpg,anger
80.jpg,sad
81.jpg,disgust
82.jpg,surprise
83.jpg,anger
84.jpg,neutral
85.jpg,sad
86.jpg,anger
87.jpg,fear
88.jpg,fear
89.jpg,fear
90.jpg,surprise
91.jpg,anger
92.jpg,fear
93.jpg,disgust
94.jpg,neutral
95.jpg,fear
96.jpg,surprise
97.jpg,disgust
98.jpg,anger
99.jpg,anger
100.jpg,surprise
101.jpg,fear
102.jpg,surprise
103.jpg,sad
104.jpg,fear
105.jpg,disgust
106.jpg,happy
107.jpg,fear
108.jpg,sad
109.jpg,disgust
110.jpg,fear
111.jpg,fear
112.jpg,fear
113.jpg,neutral
114.jpg,happy
115.jpg,neutral
116.jpg,neutral
117.jpg,happy
118.jpg,disgust
119.jpg,happy
120.jpg,happy
121.jpg,disgust
122.jpg,fear
123.jpg,anger
124.jpg,happy
125.jpg,disgust
126.jpg,contempt
127.jpg,neutral
128.jpg,fear
129.jpg,sad
130.jpg,sad
131.jpg,fear
132.jpg,happy
133.jpg,sad
134.jpg,fear
135.jpg,surprise
136.jpg,happy
137.jpg,sad
138.jpg,surprise
139.jpg,anger
140.jpg,fear
141.jpg,sad
142.jpg,anger
143.jpg,surprise
144.jpg,fear
145.jpg,fear
146.jpg,fear
147.jpg,fear
148.jpg,anger
149.jpg,fear
150.jpg,fear
151.jpg,sad
152.jpg,fear
153.jpg,sad
154.jpg,happy
155.jpg,fear
156.jpg,fear
157.jpg,neutral
158.jpg,sad
159.jpg,disgust
160.jpg,happy
161.jpg,fear
162.jpg,happy
163.jpg,disgust
164.jpg,anger
165.jpg,sad
166.jpg,fear
167.jpg,fear
168.jpg,neutral
169.jpg,surprise
170.jpg,neutral
171.jpg,anger
172.jpg,disgust
173.jpg,anger
174.jpg,fear
175.jpg,sad
176.jpg,fear
177.jpg,neutral
178.jpg,disgust
179.jpg,fear
180.jpg,fear
181.jpg,fear
182.jpg,happy
183.jpg,disgust
184.jpg,surprise
185.jpg,sad
186.jpg,surprise
187.jpg,fear
188.jpg,disgust
189.jpg,contempt
190.jpg,anger
191.jpg,fear
192.jpg,fear
193.jpg,fear
194.jpg,happy
195.jpg,fear
196.jpg,neutral
197.jpg,neutral
198.jpg,surprise
199.jpg,fear
200.jpg,fear
201.jpg,sad
202.jpg,contempt
203.jpg,sad
204.jpg,fear
205.jpg,happy
206.jpg,happy
207.jpg,neutral
208.jpg,surprise
209.jpg,sad
210.jpg,anger
211.jpg,contempt
212.jpg,sad
213.jpg,fear
214.jpg,fear
215.jpg,contempt
216.jpg,fear
217.jpg,fear
218.jpg,anger
219.jpg,anger
220.jpg,fear
221.jpg,surprise
222.jpg,anger
223.jpg,sad
224.jpg,fear
225.jpg,neutral
226.jpg,sad
227.jpg,anger
228.jpg,anger
229.jpg,sad
230.jpg,uncertain
231.jpg,sad
232.jpg,anger
233.jpg,disgust
234.jpg,disgust
235.jpg,sad
236.jpg,anger
237.jpg,fear
238.jpg,contempt
239.jpg,disgust
240.jpg,anger
241.jpg,disgust
242.jpg,fear
243.jpg,surprise
244.jpg,disgust
245.jpg,fear
246.jpg,happy
247.jpg,fear
248.jpg,fear
249.jpg,surprise
250.jpg,fear
251.jpg,fear
252.jpg,fear
253.jpg,fear
254.jpg,happy
255.jpg,happy
256.jpg,sad
257.jpg,happy
258.jpg,anger
259.jpg,neutral
260.jpg,fear
261.jpg,happy
262.jpg,anger
263.jpg,fear
264.jpg,sad
265.jpg,sad
266.jpg,sad
267.jpg,anger
268.jpg,fear
269.jpg,fear
270.jpg,anger
271.jpg,fear
272.jpg,fear
273.jpg,fear
274.jpg,happy
275.jpg,sad
276.jpg,fear
277.jpg,neutral
278.jpg,sad
279.jpg,fear
280.jpg,surprise
281.jpg,fear
282.jpg,surprise
283.jpg,fear
284.jpg,fear
285.jpg,fear
286.jpg,happy
287.jpg,sad
288.jpg,happy
289.jpg,fear
290.jpg,disgust
291.jpg,anger
292.jpg,happy
293.jpg,happy
294.jpg,anger
295.jpg,disgust
296.jpg,happy
297.jpg,neutral
298.jpg,disgust
299.jpg,disgust
300.jpg,fear
301.jpg,fear
302.jpg,fear
303.jpg,fear
304.jpg,fear
305.jpg,fear
306.jpg,surprise
307.jpg,anger
308.jpg,neutral
309.jpg,happy
310.jpg,sad
311.jpg,sad
312.jpg,happy
313.jpg,fear
314.jpg,fear
315.jpg,contempt
316.jpg,fear
317.jpg,neutral
318.jpg,fear
319.jpg,sad
320.jpg,sad
321.jpg,fear
322.jpg,happy
323.jpg,fear
324.jpg,anger
325.jpg,happy
326.jpg,contempt
327.jpg,disgust
328.jpg,surprise
329.jpg,fear
330.jpg,sad
331.jpg,anger
332.jpg,surprise
333.jpg,disgust
334.jpg,anger
335.jpg,neutral
336.jpg,happy
337.jpg,anger
338.jpg,anger
339.jpg,surprise
340.jpg,fear
341.jpg,happy
342.jpg,disgust
343.jpg,contempt
344.jpg,sad
345.jpg,sad
346.jpg,disgust
347.jpg,sad
348.jpg,happy
349.jpg,happy
350.jpg,neutral
351.jpg,surprise
352.jpg,anger
353.jpg,anger
354.jpg,sad
355.jpg,neutral
356.jpg,fear
357.jpg,anger
358.jpg,fear
359.jpg,sad
360.jpg,anger
361.jpg,disgust
362.jpg,neutral
363.jpg,happy
364.jpg,anger
365.jpg,neutral
366.jpg,anger
367.jpg,anger
368.jpg,anger
369.jpg,sad
370.jpg,surprise
371.jpg,sad
372.jpg,sad
373.jpg,happy
374.jpg,happy
375.jpg,fear
376.jpg,fear
377.jpg,anger
378.jpg,anger
379.jpg,fear
380.jpg,surprise
381.jpg,sad
382.jpg,contempt
383.jpg,happy
384.jpg,anger
385.jpg,fear
386.jpg,sad
387.jpg,anger
388.jpg,fear
389.jpg,anger
390.jpg,fear
391.jpg,disgust
392.jpg,sad
393.jpg,disgust
394.jpg,disgust
395.jpg,neutral
396.jpg,fear
397.jpg,fear
398.jpg,surprise
399.jpg,sad
400.jpg,disgust
401.jpg,fear
402.jpg,uncertain
403.jpg,disgust
404.jpg,fear
405.jpg,happy
406.jpg,happy
407.jpg,disgust
408.jpg,fear
409.jpg,fear
410.jpg,disgust
411.jpg,disgust
412.jpg,fear
413.jpg,happy
414.jpg,anger
415.jpg,fear
416.jpg,disgust
417.jpg,fear
418.jpg,anger
419.jpg,sad
420.jpg,neutral
421.jpg,sad
422.jpg,happy
423.jpg,fear
424.jpg,happy
425.jpg,disgust
426.jpg,disgust
427.jpg,sad
428.jpg,surprise
429.jpg,anger
430.jpg,surprise
431.jpg,surprise
432.jpg,disgust
433.jpg,sad
434.jpg,happy
435.jpg,sad
436.jpg,surprise
437.jpg,sad
438.jpg,anger
439.jpg,surprise
440.jpg,fear
441.jpg,fear
442.jpg,surprise
443.jpg,fear
444.jpg,fear
445.jpg,fear
446.jpg,contempt
447.jpg,uncertain
448.jpg,fear
449.jpg,fear
450.jpg,disgust
451.jpg,sad
452.jpg,fear
453.jpg,fear
454.jpg,neutral
455.jpg,anger
456.jpg,happy
457.jpg,fear
458.jpg,sad
459.jpg,happy
460.jpg,sad
461.jpg,anger
462.jpg,contempt
463.jpg,anger
464.jpg,sad
465.jpg,neutral
466.jpg,surprise
467.jpg,anger
468.jpg,happy
469.jpg,fear
470.jpg,fear
471.jpg,sad
472.jpg,anger
473.jpg,fear
474.jpg,fear
475.jpg,neutral
476.jpg,disgust
477.jpg,sad
478.jpg,contempt
479.jpg,anger
480.jpg,fear
481.jpg,fear
482.jpg,fear
483.jpg,sad
484.jpg,fear
485.jpg,happy
486.jpg,anger
487.jpg,surprise
488.jpg,disgust
489.jpg,anger
490.jpg,disgust
491.jpg,fear
492.jpg,happy
493.jpg,neutral
494.jpg,anger
495.jpg,fear
496.jpg,anger
497.jpg,fear
498.jpg,fear
499.jpg,sad
500.jpg,fear
501.jpg,neutral
502.jpg,anger
503.jpg,anger
504.jpg,fear
505.jpg,contempt
506.jpg,fear
507.jpg,neutral
508.jpg,fear
509.jpg,fear
510.jpg,fear
511.jpg,surprise
512.jpg,happy
513.jpg,fear
514.jpg,neutral
515.jpg,disgust
516.jpg,sad
517.jpg,disgust
518.jpg,anger
519.jpg,fear
520.jpg,surprise
521.jpg,fear
522.jpg,fear
523.jpg,neutral
524.jpg,happy
525.jpg,disgust
526.jpg,fear
527.jpg,sad
528.jpg,fear
529.jpg,sad
530.jpg,fear
531.jpg,sad
532.jpg,fear
533.jpg,anger
534.jpg,sad
535.jpg,fear
536.jpg,fear
537.jpg,anger
538.jpg,neutral
539.jpg,fear
540.jpg,fear
541.jpg,anger
542.jpg,fear
543.jpg,fear
544.jpg,fear
545.jpg,sad
546.jpg,disgust
547.jpg,fear
548.jpg,sad
549.jpg,contempt
550.jpg,surprise
551.jpg,happy
552.jpg,fear
553.jpg,disgust
554.jpg,anger
555.jpg,anger
556.jpg,anger
557.jpg,fear
558.jpg,fear
559.jpg,sad
560.jpg,fear
561.jpg,sad
562.jpg,anger
563.jpg,disgust
564.jpg,disgust
565.jpg,surprise
566.jpg,fear
567.jpg,sad
568.jpg,anger
569.jpg,fear
570.jpg,fear
571.jpg,disgust
572.jpg,sad
573.jpg,happy
574.jpg,disgust
575.jpg,anger
576.jpg,disgust
577.jpg,fear
578.jpg,disgust
579.jpg,fear
580.jpg,fear
581.jpg,anger
582.jpg,disgust
583.jpg,fear
584.jpg,fear
585.jpg,neutral
586.jpg,fear
587.jpg,happy
588.jpg,contempt
589.jpg,fear
590.jpg,sad
591.jpg,anger
592.jpg,uncertain
593.jpg,happy
594.jpg,disgust
595.jpg,happy
596.jpg,sad
597.jpg,happy
598.jpg,disgust
599.jpg,happy
600.jpg,fear
601.jpg,surprise
602.jpg,anger
603.jpg,anger
604.jpg,fear
605.jpg,sad
606.jpg,anger
607.jpg,disgust
608.jpg,fear
609.jpg,anger
610.jpg,anger
611.jpg,fear
612.jpg,fear
613.jpg,anger
614.jpg,surprise
615.jpg,sad
616.jpg,fear
617.jpg,anger
618.jpg,anger
619.jpg,disgust
620.jpg,fear
621.jpg,fear
622.jpg,disgust
623.jpg,neutral
624.jpg,fear
625.jpg,fear
626.jpg,fear
627.jpg,fear
628.jpg,neutral
629.jpg,anger
630.jpg,anger
631.jpg,anger
632.jpg,anger
633.jpg,fear
634.jpg,happy
635.jpg,disgust
636.jpg,disgust
637.jpg,fear
638.jpg,surprise
639.jpg,fear
640.jpg,fear
641.jpg,sad
642.jpg,uncertain
643.jpg,happy
644.jpg,fear
645.jpg,fear
646.jpg,neutral
647.jpg,fear
648.jpg,happy
649.jpg,fear
650.jpg,anger
651.jpg,anger
652.jpg,disgust
653.jpg,anger
654.jpg,neutral
655.jpg,happy
656.jpg,fear
657.jpg,fear
658.jpg,sad
659.jpg,disgust
660.jpg,sad
661.jpg,disgust
662.jpg,fear
663.jpg,anger
664.jpg,happy
665.jpg,anger
666.jpg,anger
667.jpg,fear
668.jpg,surprise
669.jpg,fear
670.jpg,fear
671.jpg,sad
672.jpg,sad
673.jpg,surprise
674.jpg,anger
675.jpg,sad
676.jpg,neutral
677.jpg,fear
678.jpg,fear
679.jpg,sad
680.jpg,contempt
681.jpg,anger
682.jpg,anger
683.jpg,fear
684.jpg,fear
685.jpg,fear
686.jpg,fear
687.jpg,surprise
688.jpg,surprise
689.jpg,anger
690.jpg,surprise
691.jpg,anger
692.jpg,disgust
693.jpg,fear
694.jpg,contempt
695.jpg,anger
696.jpg,anger
697.jpg,fear
698.jpg,happy
699.jpg,anger
700.jpg,disgust
701.jpg,fear
702.jpg,sad
703.jpg,neutral
704.jpg,surprise
705.jpg,sad
706.jpg,surprise
707.jpg,neutral
708.jpg,anger
709.jpg,sad
710.jpg,fear
711.jpg,fear
712.jpg,fear
713.jpg,neutral
714.jpg,disgust
715.jpg,happy
716.jpg,fear
717.jpg,neutral
718.jpg,anger
719.jpg,anger
720.jpg,surprise
721.jpg,happy
722.jpg,neutral
723.jpg,fear
724.jpg,contempt
725.jpg,surprise
726.jpg,happy
727.jpg,happy
728.jpg,anger
729.jpg,fear
730.jpg,disgust
731.jpg,anger
732.jpg,fear
733.jpg,anger
734.jpg,surprise
735.jpg,happy
736.jpg,anger
737.jpg,happy
738.jpg,sad
739.jpg,fear
740.jpg,sad
741.jpg,disgust
742.jpg,sad
743.jpg,fear
744.jpg,anger
745.jpg,neutral
746.jpg,fear
747.jpg,anger
748.jpg,anger
749.jpg,anger
750.jpg,happy
751.jpg,anger
752.jpg,surprise
753.jpg,fear
754.jpg,fear
755.jpg,fear
756.jpg,contempt
757.jpg,sad
758.jpg,fear
759.jpg,sad
760.jpg,anger
761.jpg,uncertain
762.jpg,fear
763.jpg,sad
764.jpg,fear
765.jpg,happy
766.jpg,disgust
767.jpg,anger
768.jpg,neutral
769.jpg,happy
770.jpg,contempt
771.jpg,fear
772.jpg,happy
773.jpg,fear
774.jpg,fear
775.jpg,disgust
776.jpg,contempt
777.jpg,anger
778.jpg,fear
779.jpg,fear
780.jpg,sad
781.jpg,happy
782.jpg,fear
783.jpg,surprise
784.jpg,disgust
785.jpg,happy
786.jpg,fear
787.jpg,disgust
788.jpg,sad
789.jpg,fear
790.jpg,anger
791.jpg,surprise
792.jpg,sad
793.jpg,disgust
794.jpg,fear
795.jpg,happy
796.jpg,anger
797.jpg,sad
798.jpg,happy
799.jpg,disgust
800.jpg,disgust
801.jpg,fear
802.jpg,contempt
803.jpg,fear
804.jpg,happy
805.jpg,fear
806.jpg,fear
807.jpg,fear
808.jpg,anger
809.jpg,fear
810.jpg,contempt
811.jpg,fear
812.jpg,fear
813.jpg,fear
814.jpg,sad
815.jpg,sad
816.jpg,uncertain
817.jpg,disgust
818.jpg,fear
819.jpg,happy
820.jpg,disgust
821.jpg,sad
822.jpg,surprise
823.jpg,fear
824.jpg,neutral
825.jpg,sad
826.jpg,surprise
827.jpg,anger
828.jpg,fear
829.jpg,fear
830.jpg,neutral
831.jpg,neutral
832.jpg,fear
833.jpg,fear
834.jpg,sad
835.jpg,neutral
836.jpg,surprise
837.jpg,anger
838.jpg,contempt
839.jpg,fear
840.jpg,sad
841.jpg,disgust
842.jpg,fear
843.jpg,contempt
844.jpg,anger
845.jpg,sad
846.jpg,happy
847.jpg,uncertain
848.jpg,anger
849.jpg,neutral
850.jpg,fear
851.jpg,fear
852.jpg,anger
853.jpg,sad
854.jpg,fear
855.jpg,sad
856.jpg,fear
857.jpg,surprise
858.jpg,fear
859.jpg,anger
860.jpg,anger
861.jpg,sad
862.jpg,fear
863.jpg,fear
864.jpg,fear
865.jpg,happy
866.jpg,contempt
867.jpg,anger
868.jpg,sad
869.jpg,fear
870.jpg,happy
871.jpg,anger
872.jpg,happy
873.jpg,surprise
874.jpg,sad
875.jpg,surprise
876.jpg,anger
877.jpg,anger
878.jpg,fear
879.jpg,fear
880.jpg,fear
881.jpg,fear
882.jpg,anger
883.jpg,anger
884.jpg,anger
885.jpg,fear
886.jpg,fear
887.jpg,neutral
888.jpg,disgust
889.jpg,fear
890.jpg,anger
891.jpg,anger
892.jpg,anger
893.jpg,sad
894.jpg,fear
895.jpg,sad
896.jpg,happy
897.jpg,disgust
898.jpg,anger
899.jpg,sad
900.jpg,sad
901.jpg,disgust
902.jpg,neutral
903.jpg,surprise
904.jpg,happy
905.jpg,happy
906.jpg,neutral
907.jpg,anger
908.jpg,sad
909.jpg,anger
910.jpg,anger
911.jpg,fear
912.jpg,happy
913.jpg,fear
914.jpg,fear
915.jpg,surprise
916.jpg,surprise
917.jpg,fear
918.jpg,disgust
919.jpg,anger
920.jpg,fear
921.jpg,sad
922.jpg,disgust
923.jpg,neutral
924.jpg,fear
925.jpg,fear
926.jpg,fear
927.jpg,fear
928.jpg,contempt
929.jpg,fear
930.jpg,disgust
931.jpg,fear
932.jpg,disgust
933.jpg,sad
934.jpg,happy
935.jpg,sad
936.jpg,fear
937.jpg,sad
938.jpg,disgust
939.jpg,sad
940.jpg,fear
941.jpg,happy
942.jpg,anger
943.jpg,fear
944.jpg,fear
945.jpg,fear
946.jpg,anger
947.jpg,happy
948.jpg,fear
949.jpg,sad
950.jpg,neutral
951.jpg,fear
952.jpg,disgust
953.jpg,fear
954.jpg,anger
955.jpg,sad
956.jpg,fear
957.jpg,neutral
958.jpg,anger
959.jpg,fear
960.jpg,fear
961.jpg,anger
962.jpg,sad
963.jpg,fear
964.jpg,anger
965.jpg,sad
966.jpg,anger
967.jpg,fear
968.jpg,contempt
969.jpg,fear
970.jpg,fear
971.jpg,sad
972.jpg,anger
973.jpg,fear
974.jpg,anger
975.jpg,sad
976.jpg,sad
977.jpg,surprise
978.jpg,sad
979.jpg,anger
980.jpg,sad
981.jpg,neutral
982.jpg,fear
983.jpg,sad
984.jpg,disgust
985.jpg,happy
986.jpg,sad
987.jpg,fear
988.jpg,disgust
989.jpg,fear
990.jpg,neutral
991.jpg,disgust
992.jpg,happy
993.jpg,happy
994.jpg,fear
995.jpg,surprise
996.jpg,happy
997.jpg,anger
998.jpg,sad
999.jpg,surprise
1000.jpg,happy
1001.jpg,anger
1002.jpg,contempt
1003.jpg,sad
1004.jpg,fear
1005.jpg,neutral
1006.jpg,neutral
1007.jpg,happy
1008.jpg,fear
1009.jpg,neutral
1010.jpg,fear
1011.jpg,fear
1012.jpg,fear
1013.jpg,fear
1014.jpg,happy
1015.jpg,happy
1016.jpg,fear
1017.jpg,disgust
1018.jpg,sad
1019.jpg,fear
1020.jpg,neutral
1021.jpg,anger
1022.jpg,fear
1023.jpg,anger
1024.jpg,fear
1025.jpg,fear
1026.jpg,anger
1027.jpg,neutral
1028.jpg,disgust
1029.jpg,fear
1030.jpg,fear
1031.jpg,disgust
1032.jpg,sad
1033.jpg,neutral
1034.jpg,fear
1035.jpg,disgust
1036.jpg,anger
1037.jpg,fear
1038.jpg,fear
1039.jpg,happy
1040.jpg,fear
1041.jpg,contempt
1042.jpg,anger
1043.jpg,fear
1044.jpg,anger
1045.jpg,happy
1046.jpg,sad
1047.jpg,fear
1048.jpg,anger
1049.jpg,fear
1050.jpg,sad
1051.jpg,fear
1052.jpg,surprise
1053.jpg,anger
1054.jpg,anger
1055.jpg,fear
1056.jpg,contempt
1057.jpg,anger
1058.jpg,fear
1059.jpg,neutral
1060.jpg,happy
1061.jpg,happy
1062.jpg,happy
1063.jpg,disgust
1064.jpg,fear
1065.jpg,anger
1066.jpg,happy
1067.jpg,neutral
1068.jpg,anger
1069.jpg,sad
1070.jpg,anger
1071.jpg,sad
1072.jpg,fear
1073.jpg,sad
1074.jpg,neutral
1075.jpg,happy
1076.jpg,sad
1077.jpg,contempt
1078.jpg,happy
1079.jpg,happy
1080.jpg,disgust
1081.jpg,fear
1082.jpg,anger
1083.jpg,anger
1084.jpg,neutral
1085.jpg,contempt
1086.jpg,anger
1087.jpg,anger
1088.jpg,surprise
1089.jpg,anger
1090.jpg,surprise
1091.jpg,fear
1092.jpg,fear
1093.jpg,sad
1094.jpg,fear
1095.jpg,anger
1096.jpg,anger
1097.jpg,happy
1098.jpg,anger
1099.jpg,fear
1100.jpg,anger
1101.jpg,happy
1102.jpg,fear
1103.jpg,fear
1104.jpg,surprise
1105.jpg,fear
1106.jpg,surprise
1107.jpg,happy
1108.jpg,fear
1109.jpg,disgust
1110.jpg,happy
1111.jpg,fear
1112.jpg,anger
1113.jpg,anger
1114.jpg,anger
1115.jpg,fear
1116.jpg,contempt
1117.jpg,fear
1118.jpg,disgust
1119.jpg,fear
1120.jpg,anger
1121.jpg,disgust
1122.jpg,fear
1123.jpg,anger
1124.jpg,fear
1125.jpg,disgust
1126.jpg,fear
1127.jpg,fear
1128.jpg,surprise
1129.jpg,happy
1130.jpg,sad
1131.jpg,fear
1132.jpg,fear
1133.jpg,anger
1134.jpg,fear
1135.jpg,fear
1136.jpg,sad
1137.jpg,happy
1138.jpg,fear
1139.jpg,fear
1140.jpg,sad
1141.jpg,fear
1142.jpg,fear
1143.jpg,neutral
1144.jpg,disgust
1145.jpg,anger
1146.jpg,fear
1147.jpg,sad
1148.jpg,neutral
1149.jpg,fear
1150.jpg,anger
1151.jpg,anger
1152.jpg,anger
1153.jpg,anger
1154.jpg,happy
1155.jpg,fear
1156.jpg,fear
1157.jpg,fear
1158.jpg,surprise
1159.jpg,fear
1160.jpg,fear
1161.jpg,sad
1162.jpg,anger
1163.jpg,anger
1164.jpg,surprise
1165.jpg,fear
1166.jpg,happy
1167.jpg,fear
1168.jpg,contempt
1169.jpg,neutral
1170.jpg,happy
1171.jpg,neutral
1172.jpg,happy
1173.jpg,anger
1174.jpg,surprise
1175.jpg,anger
1176.jpg,sad
1177.jpg,fear
1178.jpg,surprise
1179.jpg,fear
1180.jpg,fear
1181.jpg,fear
1182.jpg,fear
1183.jpg,happy
1184.jpg,fear
1185.jpg,neutral
1186.jpg,anger
1187.jpg,sad
1188.jpg,surprise
1189.jpg,uncertain
1190.jpg,anger
1191.jpg,anger
1192.jpg,surprise
1193.jpg,neutral
1194.jpg,fear
1195.jpg,sad
1196.jpg,disgust
1197.jpg,fear
1198.jpg,anger
1199.jpg,contempt
1200.jpg,disgust
1201.jpg,anger
1202.jpg,anger
1203.jpg,neutral
1204.jpg,fear
1205.jpg,surprise
1206.jpg,fear
1207.jpg,disgust
1208.jpg,fear
1209.jpg,neutral
1210.jpg,sad
1211.jpg,fear
1212.jpg,disgust
1213.jpg,happy
1214.jpg,anger
1215.jpg,fear
1216.jpg,disgust
1217.jpg,sad
1218.jpg,fear
1219.jpg,sad
1220.jpg,sad
1221.jpg,fear
1222.jpg,sad
1223.jpg,fear
1224.jpg,anger
1225.jpg,fear
1226.jpg,disgust
1227.jpg,sad
1228.jpg,sad
1229.jpg,fear
1230.jpg,anger
1231.jpg,happy
1232.jpg,anger
1233.jpg,fear
1234.jpg,disgust
1235.jpg,anger
1236.jpg,anger
1237.jpg,sad
1238.jpg,disgust
1239.jpg,anger
1240.jpg,happy
1241.jpg,anger
1242.jpg,sad
1243.jpg,fear
1244.jpg,happy
1245.jpg,fear
1246.jpg,anger
1247.jpg,neutral
1248.jpg,fear
1249.jpg,surprise
1250.jpg,neutral
1251.jpg,sad
1252.jpg,sad
1253.jpg,happy
1254.jpg,fear
1255.jpg,anger
1256.jpg,surprise
1257.jpg,contempt
1258.jpg,fear
1259.jpg,anger
1260.jpg,sad
1261.jpg,fear
1262.jpg,contempt
1263.jpg,sad
1264.jpg,disgust
1265.jpg,happy
1266.jpg,fear
1267.jpg,happy
1268.jpg,fear
1269.jpg,anger
1270.jpg,contempt
1271.jpg,sad
1272.jpg,fear
1273.jpg,happy
1274.jpg,happy
1275.jpg,sad
1276.jpg,fear
1277.jpg,fear
1278.jpg,disgust
1279.jpg,fear
1280.jpg,anger
1281.jpg,fear
1282.jpg,anger
1283.jpg,fear
1284.jpg,disgust
1285.jpg,fear
1286.jpg,fear
1287.jpg,anger
1288.jpg,fear
1289.jpg,contempt
1290.jpg,neutral
1291.jpg,fear
1292.jpg,fear
1293.jpg,fear
1294.jpg,fear
1295.jpg,surprise
1296.jpg,anger
1297.jpg,surprise
1298.jpg,neutral
1299.jpg,happy
1300.jpg,disgust
1301.jpg,fear
1302.jpg,anger
1303.jpg,fear
1304.jpg,fear
1305.jpg,surprise
1306.jpg,fear
1307.jpg,fear
1308.jpg,sad
1309.jpg,contempt
1310.jpg,surprise
1311.jpg,fear
1312.jpg,anger
1313.jpg,fear
1314.jpg,contempt
1315.jpg,fear
1316.jpg,sad
1317.jpg,anger
1318.jpg,fear
1319.jpg,contempt
1320.jpg,sad
1321.jpg,anger
1322.jpg,disgust
1323.jpg,contempt
1324.jpg,fear
1325.jpg,fear
1326.jpg,anger
1327.jpg,anger
1328.jpg,fear
1329.jpg,happy
1330.jpg,sad
1331.jpg,sad
1332.jpg,fear
1333.jpg,happy
1334.jpg,fear
1335.jpg,anger
1336.jpg,disgust
1337.jpg,fear
1338.jpg,anger
1339.jpg,sad
1340.jpg,fear
1341.jpg,happy
1342.jpg,sad
1343.jpg,anger
1344.jpg,sad
1345.jpg,fear
1346.jpg,happy
1347.jpg,fear
1348.jpg,sad
1349.jpg,sad
1350.jpg,fear
1351.jpg,anger
1352.jpg,sad
1353.jpg,surprise
1354.jpg,fear
1355.jpg,anger
1356.jpg,fear
1357.jpg,surprise
1358.jpg,fear
1359.jpg,disgust
1360.jpg,sad
1361.jpg,sad
1362.jpg,surprise
1363.jpg,anger
1364.jpg,fear
1365.jpg,disgust
1366.jpg,anger
1367.jpg,fear
1368.jpg,disgust
1369.jpg,disgust
1370.jpg,anger
1371.jpg,disgust
1372.jpg,disgust
1373.jpg,fear
1374.jpg,anger
1375.jpg,happy
1376.jpg,sad
1377.jpg,sad
1378.jpg,fear
1379.jpg,fear
1380.jpg,fear
1381.jpg,anger
1382.jpg,fear
1383.jpg,fear
1384.jpg,fear
1385.jpg,happy
1386.jpg,surprise
1387.jpg,fear
1388.jpg,fear
1389.jpg,fear
1390.jpg,fear
1391.jpg,anger
1392.jpg,surprise
1393.jpg,fear
1394.jpg,anger
1395.jpg,anger
1396.jpg,fear
1397.jpg,sad
1398.jpg,fear
1399.jpg,happy
1400.jpg,happy
1401.jpg,fear
1402.jpg,fear
1403.jpg,anger
1404.jpg,fear
1405.jpg,surprise
1406.jpg,fear
1407.jpg,anger
1408.jpg,anger
1409.jpg,surprise
1410.jpg,sad
1411.jpg,anger
1412.jpg,fear
1413.jpg,surprise
1414.jpg,happy
1415.jpg,sad
1416.jpg,surprise
1417.jpg,sad
1418.jpg,anger
1419.jpg,fear
1420.jpg,anger
1421.jpg,sad
1422.jpg,anger
1423.jpg,happy
1424.jpg,neutral
1425.jpg,surprise
1426.jpg,sad
1427.jpg,sad
1428.jpg,surprise
1429.jpg,sad
1430.jpg,happy
1431.jpg,fear
1432.jpg,happy
1433.jpg,fear
1434.jpg,fear
1435.jpg,disgust
1436.jpg,fear
1437.jpg,fear
1438.jpg,sad
1439.jpg,happy
1440.jpg,fear
1441.jpg,fear
1442.jpg,fear
1443.jpg,happy
1444.jpg,happy
1445.jpg,fear
1446.jpg,anger
1447.jpg,neutral
1448.jpg,disgust
1449.jpg,anger
1450.jpg,fear
1451.jpg,fear
1452.jpg,fear
1453.jpg,fear
1454.jpg,fear
1455.jpg,anger
1456.jpg,sad
1457.jpg,contempt
1458.jpg,surprise
1459.jpg,happy
1460.jpg,sad
1461.jpg,happy
1462.jpg,fear
1463.jpg,happy
1464.jpg,disgust
1465.jpg,disgust
1466.jpg,happy
1467.jpg,surprise
1468.jpg,disgust
1469.jpg,happy
1470.jpg,anger
1471.jpg,surprise
1472.jpg,fear
1473.jpg,fear
1474.jpg,fear
1475.jpg,fear
1476.jpg,anger
1477.jpg,disgust
1478.jpg,fear
1479.jpg,surprise
1480.jpg,fear
1481.jpg,anger
1482.jpg,fear
1483.jpg,happy
1484.jpg,fear
1485.jpg,contempt
1486.jpg,sad
1487.jpg,surprise
1488.jpg,sad
1489.jpg,anger
1490.jpg,sad
1491.jpg,anger
1492.jpg,fear
1493.jpg,neutral
1494.jpg,fear
1495.jpg,anger
1496.jpg,fear
1497.jpg,happy
1498.jpg,happy
1499.jpg,happy
1500.jpg,happy
1501.jpg,happy
1502.jpg,anger
1503.jpg,contempt
1504.jpg,sad
1505.jpg,disgust
1506.jpg,happy
1507.jpg,fear
1508.jpg,fear
1509.jpg,fear
1510.jpg,fear
1511.jpg,anger
1512.jpg,anger
1513.jpg,fear
1514.jpg,sad
1515.jpg,fear
1516.jpg,anger
1517.jpg,disgust
1518.jpg,sad
1519.jpg,anger
1520.jpg,fear
1521.jpg,surprise
1522.jpg,fear
1523.jpg,neutral
1524.jpg,fear
1525.jpg,surprise
1526.jpg,fear
1527.jpg,fear
1528.jpg,neutral
1529.jpg,fear
1530.jpg,happy
1531.jpg,fear
1532.jpg,anger
1533.jpg,happy
1534.jpg,contempt
1535.jpg,fear
1536.jpg,happy
1537.jpg,neutral
1538.jpg,anger
1539.jpg,fear
1540.jpg,sad
1541.jpg,anger
1542.jpg,fear
1543.jpg,happy
1544.jpg,surprise
1545.jpg,fear
1546.jpg,disgust
1547.jpg,fear
1548.jpg,anger
1549.jpg,fear
1550.jpg,fear
1551.jpg,neutral
1552.jpg,fear
1553.jpg,anger
1554.jpg,fear
1555.jpg,fear
1556.jpg,surprise
1557.jpg,disgust
1558.jpg,happy
1559.jpg,fear
1560.jpg,sad
1561.jpg,fear
1562.jpg,contempt
1563.jpg,happy
1564.jpg,neutral
1565.jpg,happy
1566.jpg,happy
1567.jpg,anger
1568.jpg,fear
1569.jpg,happy
1570.jpg,happy
1571.jpg,surprise
1572.jpg,sad
1573.jpg,surprise
1574.jpg,anger
1575.jpg,sad
1576.jpg,surprise
1577.jpg,disgust
1578.jpg,happy
1579.jpg,sad
1580.jpg,disgust
1581.jpg,fear
1582.jpg,surprise
1583.jpg,surprise
1584.jpg,anger
1585.jpg,fear
1586.jpg,anger
1587.jpg,disgust
1588.jpg,fear
1589.jpg,fear
1590.jpg,disgust
1591.jpg,fear
1592.jpg,fear
1593.jpg,fear
1594.jpg,fear
1595.jpg,fear
1596.jpg,happy
1597.jpg,happy
1598.jpg,happy
1599.jpg,happy
1600.jpg,fear
1601.jpg,neutral
1602.jpg,sad
1603.jpg,anger
1604.jpg,fear
1605.jpg,anger
1606.jpg,sad
1607.jpg,fear
1608.jpg,sad
1609.jpg,happy
1610.jpg,anger
1611.jpg,fear
1612.jpg,fear
1613.jpg,happy
1614.jpg,disgust
1615.jpg,fear
1616.jpg,anger
1617.jpg,sad
1618.jpg,sad
1619.jpg,fear
1620.jpg,sad
1621.jpg,anger
1622.jpg,happy
1623.jpg,neutral
1624.jpg,fear
1625.jpg,fear
1626.jpg,anger
1627.jpg,fear
1628.jpg,fear
1629.jpg,neutral
1630.jpg,surprise
1631.jpg,fear
1632.jpg,anger
1633.jpg,fear
1634.jpg,anger
1635.jpg,anger
1636.jpg,anger
1637.jpg,surprise
1638.jpg,uncertain
1639.jpg,fear
1640.jpg,anger
1641.jpg,fear
1642.jpg,contempt
1643.jpg,contempt
1644.jpg,disgust
1645.jpg,happy
1646.jpg,happy
1647.jpg,fear
1648.jpg,fear
1649.jpg,fear
1650.jpg,fear
1651.jpg,surprise
1652.jpg,fear
1653.jpg,anger
1654.jpg,anger
1655.jpg,fear
1656.jpg,neutral
1657.jpg,disgust
1658.jpg,anger
1659.jpg,surprise
1660.jpg,anger
1661.jpg,happy
1662.jpg,fear
1663.jpg,happy
1664.jpg,disgust
1665.jpg,happy
1666.jpg,happy
1667.jpg,contempt
1668.jpg,fear
1669.jpg,fear
1670.jpg,surprise
1671.jpg,happy
1672.jpg,fear
1673.jpg,fear
1674.jpg,sad
1675.jpg,fear
1676.jpg,fear
1677.jpg,surprise
1678.jpg,happy
1679.jpg,surprise
1680.jpg,neutral
1681.jpg,fear
1682.jpg,sad
1683.jpg,contempt
1684.jpg,disgust
1685.jpg,fear
1686.jpg,disgust
1687.jpg,anger
1688.jpg,anger
1689.jpg,sad
1690.jpg,contempt
1691.jpg,fear
1692.jpg,happy
1693.jpg,fear
1694.jpg,anger
1695.jpg,fear
1696.jpg,happy
1697.jpg,sad
1698.jpg,anger
1699.jpg,happy
1700.jpg,happy
1701.jpg,sad
1702.jpg,surprise
1703.jpg,fear
1704.jpg,sad
1705.jpg,disgust
1706.jpg,disgust
1707.jpg,sad
1708.jpg,neutral
1709.jpg,fear
1710.jpg,fear
1711.jpg,sad
1712.jpg,sad
1713.jpg,neutral
1714.jpg,happy
1715.jpg,anger
1716.jpg,contempt
1717.jpg,fear
1718.jpg,happy
1719.jpg,fear
1720.jpg,contempt
1721.jpg,disgust
1722.jpg,fear
1723.jpg,disgust
1724.jpg,surprise
1725.jpg,fear
1726.jpg,anger
1727.jpg,surprise
1728.jpg,neutral
1729.jpg,fear
1730.jpg,contempt
1731.jpg,surprise
1732.jpg,fear
1733.jpg,surprise
1734.jpg,neutral
1735.jpg,contempt
1736.jpg,fear
1737.jpg,sad
1738.jpg,fear
1739.jpg,fear
1740.jpg,neutral
1741.jpg,surprise
1742.jpg,neutral
1743.jpg,sad
1744.jpg,fear
1745.jpg,anger
1746.jpg,fear
1747.jpg,happy
1748.jpg,surprise
1749.jpg,disgust
1750.jpg,fear
1751.jpg,anger
1752.jpg,fear
1753.jpg,fear
1754.jpg,sad
1755.jpg,happy
1756.jpg,anger
1757.jpg,disgust
1758.jpg,fear
1759.jpg,neutral
1760.jpg,happy
1761.jpg,happy
1762.jpg,sad
1763.jpg,happy
1764.jpg,fear
1765.jpg,fear
1766.jpg,neutral
1767.jpg,surprise
1768.jpg,surprise
1769.jpg,happy
1770.jpg,fear
1771.jpg,fear
1772.jpg,fear
1773.jpg,fear
1774.jpg,fear
1775.jpg,happy
1776.jpg,disgust
1777.jpg,anger
1778.jpg,fear
1779.jpg,sad
1780.jpg,surprise
1781.jpg,neutral
1782.jpg,fear
1783.jpg,sad
1784.jpg,happy
1785.jpg,anger
1786.jpg,fear
1787.jpg,fear
1788.jpg,disgust
1789.jpg,happy
1790.jpg,happy
1791.jpg,sad
1792.jpg,fear
1793.jpg,fear
1794.jpg,happy
1795.jpg,happy
1796.jpg,fear
1797.jpg,disgust
1798.jpg,contempt
1799.jpg,happy
1800.jpg,disgust
1801.jpg,sad
1802.jpg,fear
1803.jpg,anger
1804.jpg,contempt
1805.jpg,anger
1806.jpg,fear
1807.jpg,happy
1808.jpg,anger
1809.jpg,sad
1810.jpg,fear
1811.jpg,happy
1812.jpg,anger
1813.jpg,fear
1814.jpg,fear
1815.jpg,happy
1816.jpg,surprise
1817.jpg,fear
1818.jpg,happy
1819.jpg,fear
1820.jpg,fear
1821.jpg,sad
1822.jpg,fear
1823.jpg,anger
1824.jpg,disgust
1825.jpg,disgust
1826.jpg,sad
1827.jpg,surprise
1828.jpg,fear
1829.jpg,anger
1830.jpg,sad
1831.jpg,fear
1832.jpg,fear
1833.jpg,anger
1834.jpg,happy
1835.jpg,fear
1836.jpg,happy
1837.jpg,fear
1838.jpg,disgust
1839.jpg,anger
1840.jpg,fear
1841.jpg,sad
1842.jpg,fear
1843.jpg,fear
1844.jpg,happy
1845.jpg,surprise
1846.jpg,fear
1847.jpg,fear
1848.jpg,sad
1849.jpg,fear
1850.jpg,neutral
1851.jpg,anger
1852.jpg,fear
1853.jpg,fear
1854.jpg,sad
1855.jpg,fear
1856.jpg,fear
1857.jpg,fear
1858.jpg,happy
1859.jpg,fear
1860.jpg,surprise
1861.jpg,fear
1862.jpg,fear
1863.jpg,surprise
1864.jpg,fear
1865.jpg,fear
1866.jpg,happy
1867.jpg,anger
1868.jpg,happy
1869.jpg,fear
1870.jpg,fear
1871.jpg,surprise
1872.jpg,anger
1873.jpg,sad
1874.jpg,fear
1875.jpg,fear
1876.jpg,anger
1877.jpg,disgust
1878.jpg,sad
1879.jpg,fear
1880.jpg,sad
1881.jpg,fear
1882.jpg,fear
1883.jpg,fear
1884.jpg,fear
1885.jpg,fear
1886.jpg,surprise
1887.jpg,surprise
1888.jpg,anger
1889.jpg,fear
1890.jpg,happy
1891.jpg,disgust
1892.jpg,fear
1893.jpg,happy
1894.jpg,anger
1895.jpg,happy
1896.jpg,anger
1897.jpg,neutral
1898.jpg,fear
1899.jpg,sad
1900.jpg,fear
1901.jpg,neutral
1902.jpg,fear
1903.jpg,fear
1904.jpg,fear
1905.jpg,fear
1906.jpg,disgust
1907.jpg,anger
1908.jpg,fear
1909.jpg,fear
1910.jpg,anger
1911.jpg,contempt
1912.jpg,surprise
1913.jpg,fear
1914.jpg,surprise
1915.jpg,happy
1916.jpg,anger
1917.jpg,sad
1918.jpg,anger
1919.jpg,fear
1920.jpg,sad
1921.jpg,happy
1922.jpg,fear
1923.jpg,fear
1924.jpg,fear
1925.jpg,happy
1926.jpg,anger
1927.jpg,contempt
1928.jpg,anger
1929.jpg,fear
1930.jpg,fear
1931.jpg,sad
1932.jpg,fear
1933.jpg,surprise
1934.jpg,neutral
1935.jpg,neutral
1936.jpg,contempt
1937.jpg,neutral
1938.jpg,fear
1939.jpg,anger
1940.jpg,fear
1941.jpg,fear
1942.jpg,anger
1943.jpg,anger
1944.jpg,anger
1945.jpg,surprise
1946.jpg,surprise
1947.jpg,sad
1948.jpg,fear
1949.jpg,neutral
1950.jpg,happy
1951.jpg,happy
1952.jpg,fear
1953.jpg,sad
1954.jpg,fear
1955.jpg,sad
1956.jpg,sad
1957.jpg,surprise
1958.jpg,fear
1959.jpg,fear
1960.jpg,fear
1961.jpg,anger
1962.jpg,disgust
1963.jpg,sad
1964.jpg,anger
1965.jpg,neutral
1966.jpg,anger
1967.jpg,happy
1968.jpg,fear
1969.jpg,neutral
1970.jpg,sad
1971.jpg,fear
1972.jpg,disgust
1973.jpg,fear
1974.jpg,happy
1975.jpg,anger
1976.jpg,disgust
1977.jpg,fear
1978.jpg,fear
1979.jpg,fear
1980.jpg,neutral
1981.jpg,happy
1982.jpg,contempt
1983.jpg,fear
1984.jpg,contempt
1985.jpg,sad
1986.jpg,neutral
1987.jpg,anger
1988.jpg,anger
1989.jpg,fear
1990.jpg,fear
1991.jpg,fear
1992.jpg,sad
1993.jpg,fear
1994.jpg,anger
1995.jpg,anger
1996.jpg,sad
1997.jpg,fear
1998.jpg,anger
1999.jpg,fear
2000.jpg,fear
2001.jpg,disgust
2002.jpg,anger
2003.jpg,contempt
2004.jpg,disgust
2005.jpg,contempt
2006.jpg,surprise
2007.jpg,sad
2008.jpg,happy
2009.jpg,sad
2010.jpg,anger
2011.jpg,surprise
2012.jpg,happy
2013.jpg,anger
2014.jpg,happy
2015.jpg,disgust
2016.jpg,anger
2017.jpg,fear
2018.jpg,fear
2019.jpg,anger
2020.jpg,neutral
2021.jpg,fear
2022.jpg,neutral
2023.jpg,sad
2024.jpg,fear
2025.jpg,anger
2026.jpg,fear
2027.jpg,anger
2028.jpg,disgust
2029.jpg,surprise
2030.jpg,fear
2031.jpg,sad
2032.jpg,surprise
2033.jpg,sad
2034.jpg,happy
2035.jpg,disgust
2036.jpg,fear
2037.jpg,fear
2038.jpg,sad
2039.jpg,fear
2040.jpg,fear
2041.jpg,fear
2042.jpg,happy
2043.jpg,fear
2044.jpg,neutral
2045.jpg,happy
2046.jpg,neutral
2047.jpg,happy
2048.jpg,anger
2049.jpg,disgust
2050.jpg,fear
2051.jpg,neutral
2052.jpg,fear
2053.jpg,anger
2054.jpg,sad
2055.jpg,fear
2056.jpg,neutral
2057.jpg,surprise
2058.jpg,sad
2059.jpg,disgust
2060.jpg,disgust
2061.jpg,neutral
2062.jpg,fear
2063.jpg,anger
2064.jpg,anger
2065.jpg,fear
2066.jpg,happy
2067.jpg,sad
2068.jpg,anger
2069.jpg,anger
2070.jpg,sad
2071.jpg,neutral
2072.jpg,sad
2073.jpg,sad
2074.jpg,happy
2075.jpg,anger
2076.jpg,fear
2077.jpg,happy
2078.jpg,fear
2079.jpg,fear
2080.jpg,fear
2081.jpg,fear
2082.jpg,sad
2083.jpg,happy
2084.jpg,sad
2085.jpg,fear
2086.jpg,sad
2087.jpg,sad
2088.jpg,happy
2089.jpg,disgust
2090.jpg,neutral
2091.jpg,happy
2092.jpg,sad
2093.jpg,anger
2094.jpg,fear
2095.jpg,happy
2096.jpg,contempt
2097.jpg,fear
2098.jpg,anger
2099.jpg,happy
2100.jpg,anger
2101.jpg,fear
2102.jpg,fear
2103.jpg,fear
2104.jpg,anger
2105.jpg,fear
2106.jpg,fear
2107.jpg,fear
2108.jpg,neutral
2109.jpg,fear
2110.jpg,fear
2111.jpg,happy
2112.jpg,disgust
2113.jpg,surprise
2114.jpg,neutral
2115.jpg,sad
2116.jpg,fear
2117.jpg,surprise
2118.jpg,anger
2119.jpg,neutral
2120.jpg,happy
2121.jpg,fear
2122.jpg,sad
2123.jpg,fear
2124.jpg,sad
2125.jpg,contempt
2126.jpg,neutral
2127.jpg,anger
2128.jpg,fear
2129.jpg,disgust
2130.jpg,sad
2131.jpg,anger
2132.jpg,fear
2133.jpg,happy
2134.jpg,surprise
2135.jpg,fear
2136.jpg,happy
2137.jpg,happy
2138.jpg,sad
2139.jpg,neutral
2140.jpg,sad
2141.jpg,fear
2142.jpg,anger
2143.jpg,sad
2144.jpg,fear
2145.jpg,fear
2146.jpg,fear
2147.jpg,surprise
2148.jpg,surprise
2149.jpg,sad
2150.jpg,disgust
2151.jpg,neutral
2152.jpg,anger
2153.jpg,happy
2154.jpg,fear
2155.jpg,fear
2156.jpg,fear
2157.jpg,happy
2158.jpg,sad
2159.jpg,fear
2160.jpg,anger
2161.jpg,anger
2162.jpg,happy
2163.jpg,sad
2164.jpg,happy
2165.jpg,anger
2166.jpg,sad
2167.jpg,fear
2168.jpg,fear
2169.jpg,contempt
2170.jpg,sad
2171.jpg,happy
2172.jpg,fear
2173.jpg,happy
2174.jpg,fear
2175.jpg,happy
2176.jpg,sad
2177.jpg,fear
2178.jpg,fear
2179.jpg,disgust
2180.jpg,surprise
2181.jpg,disgust
2182.jpg,anger
2183.jpg,happy
2184.jpg,disgust
2185.jpg,fear
2186.jpg,anger
2187.jpg,fear
2188.jpg,sad
2189.jpg,anger
2190.jpg,disgust
2191.jpg,sad
2192.jpg,fear
2193.jpg,uncertain
2194.jpg,fear
2195.jpg,contempt
2196.jpg,anger
2197.jpg,neutral
2198.jpg,anger
2199.jpg,happy
2200.jpg,fear
2201.jpg,fear
2202.jpg,sad
2203.jpg,fear
2204.jpg,contempt
2205.jpg,fear
2206.jpg,sad
2207.jpg,sad
2208.jpg,sad
2209.jpg,anger
2210.jpg,fear
2211.jpg,fear
2212.jpg,disgust
2213.jpg,fear
2214.jpg,neutral
2215.jpg,fear
2216.jpg,surprise
2217.jpg,surprise
2218.jpg,fear
2219.jpg,anger
2220.jpg,anger
2221.jpg,neutral
2222.jpg,sad
2223.jpg,disgust
2224.jpg,fear
2225.jpg,anger
2226.jpg,fear
2227.jpg,happy
2228.jpg,anger
2229.jpg,anger
2230.jpg,happy
2231.jpg,anger
2232.jpg,anger
2233.jpg,happy
2234.jpg,fear
2235.jpg,happy
2236.jpg,fear
2237.jpg,disgust
2238.jpg,anger
2239.jpg,contempt
2240.jpg,neutral
2241.jpg,neutral
2242.jpg,anger
2243.jpg,happy
2244.jpg,disgust
2245.jpg,disgust
2246.jpg,sad
2247.jpg,sad
2248.jpg,happy
2249.jpg,fear
2250.jpg,neutral
2251.jpg,fear
2252.jpg,neutral
2253.jpg,happy
2254.jpg,anger
2255.jpg,happy
2256.jpg,fear
2257.jpg,fear
2258.jpg,fear
2259.jpg,fear
2260.jpg,anger
2261.jpg,happy
2262.jpg,happy
2263.jpg,contempt
2264.jpg,sad
2265.jpg,sad
2266.jpg,fear
2267.jpg,anger
2268.jpg,happy
2269.jpg,anger
2270.jpg,fear
2271.jpg,happy
2272.jpg,neutral
2273.jpg,fear
2274.jpg,sad
2275.jpg,neutral
2276.jpg,anger
2277.jpg,fear
2278.jpg,disgust
2279.jpg,happy
2280.jpg,sad
2281.jpg,disgust
2282.jpg,disgust
2283.jpg,neutral
2284.jpg,fear
2285.jpg,anger
2286.jpg,anger
2287.jpg,fear
2288.jpg,fear
2289.jpg,happy
2290.jpg,fear
2291.jpg,fear
2292.jpg,anger
2293.jpg,fear
2294.jpg,disgust
2295.jpg,fear
2296.jpg,fear
2297.jpg,fear
2298.jpg,disgust
2299.jpg,fear
2300.jpg,fear
2301.jpg,happy
2302.jpg,fear
2303.jpg,fear
2304.jpg,fear
2305.jpg,happy
2306.jpg,anger
2307.jpg,fear
2308.jpg,anger
2309.jpg,surprise
2310.jpg,fear
2311.jpg,sad
2312.jpg,contempt
2313.jpg,fear
2314.jpg,sad
2315.jpg,fear
2316.jpg,sad
2317.jpg,surprise
2318.jpg,anger
2319.jpg,sad
2320.jpg,happy
2321.jpg,happy
2322.jpg,sad
2323.jpg,anger
2324.jpg,sad
2325.jpg,sad
2326.jpg,neutral
2327.jpg,happy
2328.jpg,fear
2329.jpg,fear
2330.jpg,anger
2331.jpg,sad
2332.jpg,contempt
2333.jpg,fear
2334.jpg,happy
2335.jpg,fear
2336.jpg,uncertain
2337.jpg,fear
2338.jpg,fear
2339.jpg,surprise
2340.jpg,neutral
2341.jpg,neutral
2342.jpg,disgust
2343.jpg,fear
2344.jpg,sad
2345.jpg,fear
2346.jpg,sad
2347.jpg,fear
2348.jpg,surprise
2349.jpg,fear
2350.jpg,contempt
2351.jpg,fear
2352.jpg,disgust
2353.jpg,anger
2354.jpg,fear
2355.jpg,sad
2356.jpg,surprise
2357.jpg,sad
2358.jpg,neutral
2359.jpg,surprise
2360.jpg,anger
2361.jpg,fear
2362.jpg,happy
2363.jpg,disgust
2364.jpg,contempt
2365.jpg,happy
2366.jpg,disgust
2367.jpg,surprise
2368.jpg,sad
2369.jpg,fear
2370.jpg,disgust
2371.jpg,anger
2372.jpg,surprise
2373.jpg,anger
2374.jpg,happy
2375.jpg,surprise
2376.jpg,anger
2377.jpg,anger
2378.jpg,happy
2379.jpg,anger
2380.jpg,fear
2381.jpg,fear
2382.jpg,fear
2383.jpg,anger
2384.jpg,neutral
2385.jpg,contempt
2386.jpg,anger
2387.jpg,uncertain
2388.jpg,surprise
2389.jpg,contempt
2390.jpg,contempt
2391.jpg,fear
2392.jpg,contempt
2393.jpg,fear
2394.jpg,fear
2395.jpg,anger
2396.jpg,disgust
2397.jpg,fear
2398.jpg,happy
2399.jpg,fear
2400.jpg,happy
2401.jpg,fear
2402.jpg,happy
2403.jpg,anger
2404.jpg,disgust
2405.jpg,fear
2406.jpg,fear
2407.jpg,fear
2408.jpg,anger
2409.jpg,anger
2410.jpg,fear
2411.jpg,happy
2412.jpg,fear
2413.jpg,happy
2414.jpg,sad
2415.jpg,fear
2416.jpg,happy
2417.jpg,surprise
2418.jpg,anger
2419.jpg,sad
2420.jpg,fear
2421.jpg,neutral
2422.jpg,sad
2423.jpg,fear
2424.jpg,sad
2425.jpg,fear
2426.jpg,happy
2427.jpg,disgust
2428.jpg,surprise
2429.jpg,contempt
2430.jpg,anger
2431.jpg,neutral
2432.jpg,anger
2433.jpg,happy
2434.jpg,anger
2435.jpg,sad
2436.jpg,contempt
2437.jpg,disgust
2438.jpg,disgust
2439.jpg,anger
2440.jpg,contempt
2441.jpg,fear
2442.jpg,anger
2443.jpg,sad
2444.jpg,fear
2445.jpg,fear
2446.jpg,happy
2447.jpg,anger
2448.jpg,fear
2449.jpg,anger
2450.jpg,fear
2451.jpg,sad
2452.jpg,fear
2453.jpg,sad
2454.jpg,anger
2455.jpg,anger
2456.jpg,fear
2457.jpg,anger
2458.jpg,sad
2459.jpg,happy
2460.jpg,fear
2461.jpg,happy
2462.jpg,happy
2463.jpg,sad
2464.jpg,anger
2465.jpg,disgust
2466.jpg,happy
2467.jpg,fear
2468.jpg,fear
2469.jpg,sad
2470.jpg,fear
2471.jpg,anger
2472.jpg,surprise
2473.jpg,fear
2474.jpg,sad
2475.jpg,disgust
2476.jpg,surprise
2477.jpg,anger
2478.jpg,fear
2479.jpg,fear
2480.jpg,disgust
2481.jpg,fear
2482.jpg,sad
2483.jpg,happy
2484.jpg,anger
2485.jpg,fear
2486.jpg,fear
2487.jpg,sad
2488.jpg,happy
2489.jpg,contempt
2490.jpg,anger
2491.jpg,anger
2492.jpg,neutral
2493.jpg,sad
2494.jpg,fear
2495.jpg,happy
2496.jpg,neutral
2497.jpg,anger
2498.jpg,fear
2499.jpg,sad
2500.jpg,fear
2501.jpg,happy
2502.jpg,neutral
2503.jpg,sad
2504.jpg,neutral
2505.jpg,anger
2506.jpg,uncertain
2507.jpg,anger
2508.jpg,sad
2509.jpg,contempt
2510.jpg,happy
2511.jpg,neutral
2512.jpg,fear
2513.jpg,sad
2514.jpg,contempt
2515.jpg,surprise
2516.jpg,fear
2517.jpg,sad
2518.jpg,sad
2519.jpg,fear
2520.jpg,fear
2521.jpg,fear
2522.jpg,fear
2523.jpg,happy
2524.jpg,fear
2525.jpg,happy
2526.jpg,fear
2527.jpg,happy
2528.jpg,fear
2529.jpg,fear
2530.jpg,sad
2531.jpg,disgust
2532.jpg,disgust
2533.jpg,fear
2534.jpg,fear
2535.jpg,fear
2536.jpg,anger
2537.jpg,fear
2538.jpg,fear
2539.jpg,fear
2540.jpg,fear
2541.jpg,surprise
2542.jpg,anger
2543.jpg,happy
2544.jpg,sad
2545.jpg,happy
2546.jpg,surprise
2547.jpg,happy
2548.jpg,surprise
2549.jpg,fear
2550.jpg,fear
2551.jpg,neutral
2552.jpg,neutral
2553.jpg,anger
2554.jpg,fear
2555.jpg,fear
2556.jpg,sad
2557.jpg,sad
2558.jpg,sad
2559.jpg,uncertain
2560.jpg,surprise
2561.jpg,fear
2562.jpg,surprise
2563.jpg,happy
2564.jpg,happy
2565.jpg,surprise
2566.jpg,disgust
2567.jpg,happy
2568.jpg,neutral
2569.jpg,fear
2570.jpg,fear
2571.jpg,surprise
2572.jpg,contempt
2573.jpg,fear
2574.jpg,anger
2575.jpg,surprise
2576.jpg,sad
2577.jpg,neutral
2578.jpg,fear
2579.jpg,sad
2580.jpg,fear
2581.jpg,sad
2582.jpg,neutral
2583.jpg,anger
2584.jpg,sad
2585.jpg,happy
2586.jpg,happy
2587.jpg,fear
2588.jpg,disgust
2589.jpg,fear
2590.jpg,fear
2591.jpg,sad
2592.jpg,surprise
2593.jpg,sad
2594.jpg,anger
2595.jpg,anger
2596.jpg,fear
2597.jpg,neutral
2598.jpg,fear
2599.jpg,sad
2600.jpg,sad
2601.jpg,happy
2602.jpg,fear
2603.jpg,fear
2604.jpg,anger
2605.jpg,sad
2606.jpg,neutral
2607.jpg,sad
2608.jpg,sad
2609.jpg,fear
2610.jpg,disgust
2611.jpg,disgust
2612.jpg,fear
2613.jpg,neutral
2614.jpg,fear
2615.jpg,fear
2616.jpg,happy
2617.jpg,happy
2618.jpg,surprise
2619.jpg,fear
2620.jpg,happy
2621.jpg,surprise
2622.jpg,contempt
2623.jpg,sad
2624.jpg,disgust
2625.jpg,fear
2626.jpg,fear
2627.jpg,disgust
2628.jpg,contempt
2629.jpg,fear
2630.jpg,fear
2631.jpg,happy
2632.jpg,fear
2633.jpg,fear
2634.jpg,fear
2635.jpg,contempt
2636.jpg,anger
2637.jpg,happy
2638.jpg,fear
2639.jpg,disgust
2640.jpg,neutral
2641.jpg,fear
2642.jpg,sad
2643.jpg,happy
2644.jpg,happy
2645.jpg,neutral
2646.jpg,fear
2647.jpg,fear
2648.jpg,sad
2649.jpg,surprise
2650.jpg,fear
2651.jpg,anger
2652.jpg,contempt
2653.jpg,anger
2654.jpg,surprise
2655.jpg,happy
2656.jpg,anger
2657.jpg,fear
2658.jpg,surprise
2659.jpg,sad
2660.jpg,fear
2661.jpg,sad
2662.jpg,contempt
2663.jpg,anger
2664.jpg,fear
2665.jpg,sad
2666.jpg,fear
2667.jpg,contempt
2668.jpg,anger
2669.jpg,anger
2670.jpg,fear
2671.jpg,happy
2672.jpg,neutral
2673.jpg,fear
2674.jpg,anger
2675.jpg,sad
2676.jpg,fear
2677.jpg,fear
2678.jpg,surprise
2679.jpg,neutral
2680.jpg,surprise
2681.jpg,fear
2682.jpg,sad
2683.jpg,sad
2684.jpg,disgust
2685.jpg,fear
2686.jpg,fear
2687.jpg,sad
2688.jpg,sad
2689.jpg,happy
2690.jpg,fear
2691.jpg,sad
2692.jpg,sad
2693.jpg,sad
2694.jpg,fear
2695.jpg,fear
2696.jpg,sad
2697.jpg,contempt
2698.jpg,anger
2699.jpg,anger
2700.jpg,neutral
2701.jpg,sad
2702.jpg,fear
2703.jpg,sad
2704.jpg,contempt
2705.jpg,fear
2706.jpg,fear
2707.jpg,disgust
2708.jpg,anger
2709.jpg,sad
2710.jpg,fear
2711.jpg,anger
2712.jpg,anger
2713.jpg,anger
2714.jpg,fear
2715.jpg,surprise
2716.jpg,fear
2717.jpg,anger
2718.jpg,neutral
2719.jpg,fear
2720.jpg,fear
2721.jpg,anger
2722.jpg,neutral
2723.jpg,sad
2724.jpg,anger
2725.jpg,happy
2726.jpg,anger
2727.jpg,surprise
2728.jpg,fear
2729.jpg,fear
2730.jpg,sad
2731.jpg,anger
2732.jpg,sad
2733.jpg,fear
2734.jpg,fear
2735.jpg,surprise
2736.jpg,fear
2737.jpg,fear
2738.jpg,fear
2739.jpg,fear
2740.jpg,sad
2741.jpg,anger
2742.jpg,fear
2743.jpg,fear
2744.jpg,sad
2745.jpg,anger
2746.jpg,disgust
2747.jpg,fear
2748.jpg,anger
2749.jpg,neutral
2750.jpg,fear
2751.jpg,anger
2752.jpg,fear
2753.jpg,happy
2754.jpg,neutral
2755.jpg,surprise
2756.jpg,fear
2757.jpg,disgust
2758.jpg,happy
2759.jpg,anger
2760.jpg,fear
2761.jpg,contempt
2762.jpg,neutral
2763.jpg,fear
2764.jpg,neutral
2765.jpg,fear
2766.jpg,anger
2767.jpg,fear
2768.jpg,contempt
2769.jpg,fear
2770.jpg,anger
2771.jpg,disgust
2772.jpg,fear
2773.jpg,fear
2774.jpg,happy
2775.jpg,disgust
2776.jpg,anger
2777.jpg,fear
2778.jpg,fear
2779.jpg,disgust
2780.jpg,fear
2781.jpg,fear
2782.jpg,fear
2783.jpg,fear
2784.jpg,fear
2785.jpg,fear
2786.jpg,contempt
2787.jpg,fear
2788.jpg,sad
2789.jpg,anger
2790.jpg,sad
2791.jpg,surprise
2792.jpg,sad
2793.jpg,fear
2794.jpg,surprise
2795.jpg,sad
2796.jpg,anger
2797.jpg,fear
2798.jpg,surprise
2799.jpg,sad
2800.jpg,happy
2801.jpg,sad
2802.jpg,fear
2803.jpg,happy
2804.jpg,fear
2805.jpg,anger
2806.jpg,anger
2807.jpg,disgust
2808.jpg,fear
2809.jpg,contempt
2810.jpg,sad
2811.jpg,fear
2812.jpg,disgust
2813.jpg,sad
2814.jpg,sad
2815.jpg,contempt
2816.jpg,anger
2817.jpg,contempt
2818.jpg,fear
2819.jpg,fear
2820.jpg,happy
2821.jpg,sad
2822.jpg,fear
2823.jpg,disgust
2824.jpg,fear
2825.jpg,surprise
2826.jpg,sad
2827.jpg,fear
2828.jpg,fear
2829.jpg,anger
2830.jpg,fear
2831.jpg,anger
2832.jpg,disgust
2833.jpg,surprise
2834.jpg,neutral
2835.jpg,fear
2836.jpg,neutral
2837.jpg,disgust
2838.jpg,disgust
2839.jpg,fear
2840.jpg,neutral
2841.jpg,disgust
2842.jpg,contempt
2843.jpg,fear
2844.jpg,fear
2845.jpg,fear
2846.jpg,sad
2847.jpg,happy
2848.jpg,anger
2849.jpg,fear
2850.jpg,anger
2851.jpg,disgust
2852.jpg,fear
2853.jpg,anger
2854.jpg,sad
2855.jpg,anger
2856.jpg,sad
2857.jpg,fear
2858.jpg,sad
2859.jpg,sad
2860.jpg,fear
2861.jpg,fear
2862.jpg,surprise
2863.jpg,anger
2864.jpg,anger
2865.jpg,sad
2866.jpg,fear
2867.jpg,surprise
2868.jpg,anger
2869.jpg,fear
2870.jpg,surprise
2871.jpg,sad
2872.jpg,fear
2873.jpg,fear
2874.jpg,fear
2875.jpg,fear
2876.jpg,fear
2877.jpg,happy
2878.jpg,anger
2879.jpg,fear
2880.jpg,contempt
2881.jpg,fear
2882.jpg,contempt
2883.jpg,happy
2884.jpg,neutral
2885.jpg,anger
2886.jpg,anger
2887.jpg,happy
2888.jpg,sad
2889.jpg,disgust
2890.jpg,fear
2891.jpg,anger
2892.jpg,fear
2893.jpg,sad
2894.jpg,disgust
2895.jpg,fear
2896.jpg,fear
2897.jpg,disgust
2898.jpg,fear
2899.jpg,fear
2900.jpg,fear
2901.jpg,anger
2902.jpg,fear
2903.jpg,sad
2904.jpg,anger
2905.jpg,sad
2906.jpg,contempt
2907.jpg,anger
2908.jpg,anger
2909.jpg,fear
2910.jpg,fear
2911.jpg,anger
2912.jpg,fear
2913.jpg,contempt
2914.jpg,neutral
2915.jpg,fear
2916.jpg,fear
2917.jpg,fear
2918.jpg,fear
2919.jpg,fear
2920.jpg,anger
2921.jpg,anger
2922.jpg,neutral
2923.jpg,contempt
2924.jpg,neutral
2925.jpg,happy
2926.jpg,happy
2927.jpg,surprise
2928.jpg,disgust
2929.jpg,contempt
2930.jpg,anger
2931.jpg,fear
2932.jpg,fear
2933.jpg,neutral
2934.jpg,anger
2935.jpg,sad
2936.jpg,anger
2937.jpg,anger
2938.jpg,neutral
2939.jpg,contempt
2940.jpg,happy
2941.jpg,sad
2942.jpg,sad
2943.jpg,sad
2944.jpg,sad
2945.jpg,happy
2946.jpg,anger
2947.jpg,anger
2948.jpg,fear
2949.jpg,sad
2950.jpg,happy
2951.jpg,happy
2952.jpg,sad
2953.jpg,happy
2954.jpg,sad
2955.jpg,disgust
2956.jpg,fear
2957.jpg,fear
2958.jpg,contempt
2959.jpg,neutral
2960.jpg,contempt
2961.jpg,sad
2962.jpg,sad
2963.jpg,fear
2964.jpg,fear
2965.jpg,anger
2966.jpg,happy
2967.jpg,fear
2968.jpg,fear
2969.jpg,uncertain
2970.jpg,contempt
2971.jpg,happy
2972.jpg,sad
2973.jpg,anger
2974.jpg,sad
2975.jpg,fear
2976.jpg,anger
2977.jpg,sad
2978.jpg,sad
2979.jpg,fear
2980.jpg,fear
2981.jpg,sad
2982.jpg,anger
2983.jpg,anger
2984.jpg,fear
2985.jpg,fear
2986.jpg,anger
2987.jpg,contempt
2988.jpg,happy
2989.jpg,anger
2990.jpg,disgust
2991.jpg,fear
2992.jpg,contempt
2993.jpg,disgust
2994.jpg,neutral
2995.jpg,happy
2996.jpg,sad
2997.jpg,anger
2998.jpg,fear
2999.jpg,neutral
3000.jpg,happy
3001.jpg,surprise
3002.jpg,sad
3003.jpg,fear
3004.jpg,anger
3005.jpg,anger
3006.jpg,fear
3007.jpg,surprise
3008.jpg,anger
3009.jpg,anger
3010.jpg,fear
3011.jpg,disgust
3012.jpg,fear
3013.jpg,neutral
3014.jpg,fear
3015.jpg,happy
3016.jpg,sad
3017.jpg,fear
3018.jpg,disgust
3019.jpg,happy
3020.jpg,contempt
3021.jpg,neutral
3022.jpg,fear
3023.jpg,fear
3024.jpg,anger
3025.jpg,fear
3026.jpg,anger
3027.jpg,fear
3028.jpg,fear
3029.jpg,surprise
3030.jpg,anger
3031.jpg,disgust
3032.jpg,disgust
3033.jpg,fear
3034.jpg,fear
3035.jpg,disgust
3036.jpg,fear
3037.jpg,sad
3038.jpg,fear
3039.jpg,neutral
3040.jpg,anger
3041.jpg,happy
3042.jpg,disgust
3043.jpg,disgust
3044.jpg,happy
3045.jpg,anger
3046.jpg,fear
3047.jpg,fear
3048.jpg,surprise
3049.jpg,fear
3050.jpg,fear
3051.jpg,happy
3052.jpg,anger
3053.jpg,happy
3054.jpg,anger
3055.jpg,sad
3056.jpg,anger
3057.jpg,contempt
3058.jpg,contempt
3059.jpg,disgust
3060.jpg,fear
3061.jpg,sad
3062.jpg,sad
3063.jpg,anger
3064.jpg,sad
3065.jpg,fear
3066.jpg,fear
3067.jpg,fear
3068.jpg,happy
3069.jpg,fear
3070.jpg,fear
3071.jpg,sad
3072.jpg,happy
3073.jpg,happy
3074.jpg,anger
3075.jpg,happy
3076.jpg,disgust
3077.jpg,disgust
3078.jpg,fear
3079.jpg,anger
3080.jpg,fear
3081.jpg,fear
3082.jpg,fear
3083.jpg,sad
3084.jpg,anger
3085.jpg,sad
3086.jpg,fear
3087.jpg,contempt
3088.jpg,fear
3089.jpg,fear
3090.jpg,fear
3091.jpg,happy
3092.jpg,fear
3093.jpg,anger
3094.jpg,fear
3095.jpg,anger
3096.jpg,happy
3097.jpg,surprise
3098.jpg,sad
3099.jpg,happy
3100.jpg,anger
3101.jpg,disgust
3102.jpg,fear
3103.jpg,fear
3104.jpg,fear
3105.jpg,happy
3106.jpg,disgust
3107.jpg,fear
3108.jpg,sad
3109.jpg,anger
3110.jpg,fear
3111.jpg,contempt
3112.jpg,happy
3113.jpg,anger
3114.jpg,surprise
3115.jpg,fear
3116.jpg,anger
3117.jpg,happy
3118.jpg,fear
3119.jpg,surprise
3120.jpg,surprise
3121.jpg,contempt
3122.jpg,anger
3123.jpg,happy
3124.jpg,fear
3125.jpg,surprise
3126.jpg,happy
3127.jpg,fear
3128.jpg,contempt
3129.jpg,fear
3130.jpg,fear
3131.jpg,fear
3132.jpg,happy
3133.jpg,surprise
3134.jpg,happy
3135.jpg,fear
3136.jpg,happy
3137.jpg,disgust
3138.jpg,fear
3139.jpg,anger
3140.jpg,anger
3141.jpg,anger
3142.jpg,surprise
3143.jpg,disgust
3144.jpg,sad
3145.jpg,fear
3146.jpg,fear
3147.jpg,sad
3148.jpg,surprise
3149.jpg,sad
3150.jpg,fear
3151.jpg,anger
3152.jpg,fear
3153.jpg,neutral
3154.jpg,anger
3155.jpg,sad
3156.jpg,fear
3157.jpg,neutral
3158.jpg,fear
3159.jpg,neutral
3160.jpg,sad
3161.jpg,happy
3162.jpg,neutral
3163.jpg,sad
3164.jpg,anger
3165.jpg,happy
3166.jpg,fear
3167.jpg,contempt
3168.jpg,anger
3169.jpg,fear
3170.jpg,fear
3171.jpg,sad
3172.jpg,sad
3173.jpg,anger
3174.jpg,disgust
3175.jpg,anger
3176.jpg,happy
3177.jpg,anger
3178.jpg,disgust
3179.jpg,surprise
3180.jpg,fear
3181.jpg,fear
3182.jpg,anger
3183.jpg,happy
3184.jpg,anger
3185.jpg,anger
3186.jpg,surprise
3187.jpg,disgust
3188.jpg,contempt
3189.jpg,anger
3190.jpg,happy
3191.jpg,anger
3192.jpg,sad
3193.jpg,happy
3194.jpg,uncertain
3195.jpg,happy
3196.jpg,fear
3197.jpg,anger
3198.jpg,sad
3199.jpg,sad
3200.jpg,fear
3201.jpg,surprise
3202.jpg,surprise
3203.jpg,neutral
3204.jpg,neutral
3205.jpg,neutral
3206.jpg,fear
3207.jpg,neutral
3208.jpg,happy
3209.jpg,sad
3210.jpg,disgust
3211.jpg,fear
3212.jpg,anger
3213.jpg,sad
3214.jpg,neutral
3215.jpg,sad
3216.jpg,sad
3217.jpg,anger
3218.jpg,fear
3219.jpg,happy
3220.jpg,sad
3221.jpg,fear
3222.jpg,fear
3223.jpg,fear
3224.jpg,happy
3225.jpg,fear
3226.jpg,disgust
3227.jpg,sad
3228.jpg,anger
3229.jpg,fear
3230.jpg,happy
3231.jpg,sad
3232.jpg,fear
3233.jpg,fear
3234.jpg,happy
3235.jpg,disgust
3236.jpg,anger
3237.jpg,anger
3238.jpg,surprise
3239.jpg,surprise
3240.jpg,disgust
3241.jpg,anger
3242.jpg,happy
3243.jpg,anger
3244.jpg,contempt
3245.jpg,disgust
3246.jpg,happy
3247.jpg,sad
3248.jpg,fear
3249.jpg,contempt
3250.jpg,sad
3251.jpg,happy
3252.jpg,neutral
3253.jpg,sad
3254.jpg,neutral
3255.jpg,anger
3256.jpg,contempt
3257.jpg,fear
3258.jpg,fear
3259.jpg,happy
3260.jpg,neutral
3261.jpg,fear
3262.jpg,surprise
3263.jpg,happy
3264.jpg,contempt
3265.jpg,fear
3266.jpg,neutral
3267.jpg,disgust
3268.jpg,fear
3269.jpg,sad
3270.jpg,happy
3271.jpg,fear
3272.jpg,anger
3273.jpg,fear
3274.jpg,sad
3275.jpg,fear
3276.jpg,fear
3277.jpg,surprise
3278.jpg,anger
3279.jpg,surprise
3280.jpg,fear
3281.jpg,sad
3282.jpg,contempt
3283.jpg,fear
3284.jpg,neutral
3285.jpg,fear
3286.jpg,fear
3287.jpg,fear
3288.jpg,anger
3289.jpg,sad
3290.jpg,fear
3291.jpg,surprise
3292.jpg,fear
3293.jpg,happy
3294.jpg,sad
3295.jpg,disgust
3296.jpg,sad
3297.jpg,fear
3298.jpg,neutral
3299.jpg,anger
3300.jpg,fear
3301.jpg,anger
3302.jpg,happy
3303.jpg,neutral
3304.jpg,contempt
3305.jpg,happy
3306.jpg,anger
3307.jpg,fear
3308.jpg,fear
3309.jpg,sad
3310.jpg,fear
3311.jpg,happy
3312.jpg,disgust
3313.jpg,fear
3314.jpg,happy
3315.jpg,fear
3316.jpg,sad
3317.jpg,anger
3318.jpg,fear
3319.jpg,neutral
3320.jpg,disgust
3321.jpg,fear
3322.jpg,fear
3323.jpg,happy
3324.jpg,sad
3325.jpg,disgust
3326.jpg,fear
3327.jpg,disgust
3328.jpg,surprise
3329.jpg,fear
3330.jpg,fear
3331.jpg,fear
3332.jpg,anger
3333.jpg,fear
3334.jpg,surprise
3335.jpg,fear
3336.jpg,fear
3337.jpg,fear
3338.jpg,anger
3339.jpg,fear
3340.jpg,sad
3341.jpg,fear
3342.jpg,sad
3343.jpg,fear
3344.jpg,surprise
3345.jpg,happy
3346.jpg,disgust
3347.jpg,happy
3348.jpg,anger
3349.jpg,fear
3350.jpg,fear
3351.jpg,anger
3352.jpg,fear
3353.jpg,fear
3354.jpg,fear
3355.jpg,neutral
3356.jpg,disgust
3357.jpg,fear
3358.jpg,happy
3359.jpg,anger
3360.jpg,sad
3361.jpg,anger
3362.jpg,fear
3363.jpg,fear
3364.jpg,disgust
3365.jpg,sad
3366.jpg,happy
3367.jpg,fear
3368.jpg,sad
3369.jpg,uncertain
3370.jpg,fear
3371.jpg,disgust
3372.jpg,surprise
3373.jpg,anger
3374.jpg,contempt
3375.jpg,fear
3376.jpg,anger
3377.jpg,surprise
3378.jpg,anger
3379.jpg,fear
3380.jpg,anger
3381.jpg,surprise
3382.jpg,contempt
3383.jpg,anger
3384.jpg,surprise
3385.jpg,sad
3386.jpg,contempt
3387.jpg,neutral
3388.jpg,surprise
3389.jpg,fear
3390.jpg,fear
3391.jpg,happy
3392.jpg,fear
3393.jpg,neutral
3394.jpg,anger
3395.jpg,sad
3396.jpg,uncertain
3397.jpg,disgust
3398.jpg,anger
3399.jpg,anger
3400.jpg,contempt
3401.jpg,sad
3402.jpg,anger
3403.jpg,anger
3404.jpg,uncertain
3405.jpg,disgust
3406.jpg,anger
3407.jpg,sad
3408.jpg,anger
3409.jpg,fear
3410.jpg,sad
3411.jpg,contempt
3412.jpg,contempt
3413.jpg,sad
3414.jpg,sad
3415.jpg,contempt
3416.jpg,fear
3417.jpg,sad
3418.jpg,anger
3419.jpg,disgust
3420.jpg,fear
3421.jpg,surprise
3422.jpg,disgust
3423.jpg,anger
3424.jpg,fear
3425.jpg,sad
3426.jpg,happy
3427.jpg,happy
3428.jpg,anger
3429.jpg,fear
3430.jpg,neutral
3431.jpg,sad
3432.jpg,sad
3433.jpg,fear
3434.jpg,sad
3435.jpg,contempt
3436.jpg,fear
3437.jpg,neutral
3438.jpg,sad
3439.jpg,happy
3440.jpg,sad
3441.jpg,contempt
3442.jpg,fear
3443.jpg,sad
3444.jpg,sad
3445.jpg,fear
3446.jpg,happy
3447.jpg,fear
3448.jpg,fear
3449.jpg,fear
3450.jpg,surprise
3451.jpg,fear
3452.jpg,disgust
3453.jpg,surprise
3454.jpg,fear
3455.jpg,fear
3456.jpg,happy
3457.jpg,uncertain
3458.jpg,sad
3459.jpg,happy
3460.jpg,happy
3461.jpg,surprise
3462.jpg,sad
3463.jpg,neutral
3464.jpg,anger
3465.jpg,neutral
3466.jpg,disgust
3467.jpg,fear
3468.jpg,surprise
3469.jpg,anger
3470.jpg,fear
3471.jpg,fear
3472.jpg,disgust
3473.jpg,happy
3474.jpg,sad
3475.jpg,fear
3476.jpg,fear
3477.jpg,fear
3478.jpg,disgust
3479.jpg,sad
3480.jpg,fear
3481.jpg,neutral
3482.jpg,fear
3483.jpg,neutral
3484.jpg,surprise
3485.jpg,happy
3486.jpg,happy
3487.jpg,fear
3488.jpg,contempt
3489.jpg,sad
3490.jpg,fear
3491.jpg,fear
3492.jpg,fear
3493.jpg,neutral
3494.jpg,fear
3495.jpg,happy
3496.jpg,happy
3497.jpg,fear
3498.jpg,fear
3499.jpg,fear
3500.jpg,fear
3501.jpg,happy
3502.jpg,happy
3503.jpg,disgust
3504.jpg,happy
3505.jpg,anger
3506.jpg,happy
3507.jpg,fear
3508.jpg,fear
3509.jpg,sad
3510.jpg,neutral
3511.jpg,anger
3512.jpg,sad
3513.jpg,sad
3514.jpg,anger
3515.jpg,disgust
3516.jpg,contempt
3517.jpg,fear
3518.jpg,disgust
3519.jpg,disgust
3520.jpg,fear
3521.jpg,disgust
3522.jpg,contempt
3523.jpg,sad
3524.jpg,happy
3525.jpg,fear
3526.jpg,surprise
3527.jpg,fear
3528.jpg,sad
3529.jpg,fear
3530.jpg,anger
3531.jpg,fear
3532.jpg,surprise
3533.jpg,anger
3534.jpg,fear
3535.jpg,anger
3536.jpg,sad
3537.jpg,fear
3538.jpg,sad
3539.jpg,neutral
3540.jpg,disgust
3541.jpg,fear
3542.jpg,fear
3543.jpg,disgust
3544.jpg,neutral
3545.jpg,happy
3546.jpg,fear
3547.jpg,fear
3548.jpg,disgust
3549.jpg,disgust
3550.jpg,neutral
3551.jpg,surprise
3552.jpg,contempt
3553.jpg,anger
3554.jpg,anger
3555.jpg,happy
3556.jpg,fear
3557.jpg,uncertain
3558.jpg,anger
3559.jpg,fear
3560.jpg,fear
3561.jpg,sad
3562.jpg,fear
3563.jpg,fear
3564.jpg,fear
3565.jpg,fear
3566.jpg,fear
3567.jpg,fear
3568.jpg,fear
3569.jpg,disgust
3570.jpg,surprise
3571.jpg,disgust
3572.jpg,fear
3573.jpg,happy
3574.jpg,surprise
3575.jpg,surprise
3576.jpg,anger
3577.jpg,fear
3578.jpg,fear
3579.jpg,contempt
3580.jpg,happy
3581.jpg,sad
3582.jpg,anger
3583.jpg,fear
3584.jpg,sad
3585.jpg,fear
3586.jpg,contempt
3587.jpg,fear
3588.jpg,fear
3589.jpg,fear
3590.jpg,contempt
3591.jpg,anger
3592.jpg,surprise
3593.jpg,happy
3594.jpg,happy
3595.jpg,disgust
3596.jpg,anger
3597.jpg,sad
3598.jpg,disgust
3599.jpg,fear
3600.jpg,fear
3601.jpg,contempt
3602.jpg,surprise
3603.jpg,fear
3604.jpg,fear
3605.jpg,neutral
3606.jpg,fear
3607.jpg,happy
3608.jpg,happy
3609.jpg,neutral
3610.jpg,contempt
3611.jpg,fear
3612.jpg,sad
3613.jpg,fear
3614.jpg,neutral
3615.jpg,fear
3616.jpg,fear
3617.jpg,contempt
3618.jpg,fear
3619.jpg,neutral
3620.jpg,neutral
3621.jpg,disgust
3622.jpg,happy
3623.jpg,happy
3624.jpg,neutral
3625.jpg,fear
3626.jpg,fear
3627.jpg,happy
3628.jpg,sad
3629.jpg,sad
3630.jpg,anger
3631.jpg,fear
3632.jpg,anger
3633.jpg,neutral
3634.jpg,sad
3635.jpg,fear
3636.jpg,anger
3637.jpg,fear
3638.jpg,sad
3639.jpg,fear
3640.jpg,anger
3641.jpg,happy
3642.jpg,fear
3643.jpg,fear
3644.jpg,disgust
3645.jpg,happy
3646.jpg,happy
3647.jpg,surprise
3648.jpg,happy
3649.jpg,happy
3650.jpg,happy
3651.jpg,sad
3652.jpg,sad
3653.jpg,sad
3654.jpg,fear
3655.jpg,fear
3656.jpg,contempt
3657.jpg,anger
3658.jpg,fear
3659.jpg,fear
3660.jpg,fear
3661.jpg,contempt
3662.jpg,anger
3663.jpg,sad
3664.jpg,fear
3665.jpg,disgust
3666.jpg,sad
3667.jpg,anger
3668.jpg,surprise
3669.jpg,sad
3670.jpg,fear
3671.jpg,sad
3672.jpg,happy
3673.jpg,neutral
3674.jpg,fear
3675.jpg,fear
3676.jpg,neutral
3677.jpg,disgust
3678.jpg,fear
3679.jpg,anger
3680.jpg,surprise
3681.jpg,anger
3682.jpg,anger
3683.jpg,contempt
3684.jpg,fear
3685.jpg,neutral
3686.jpg,anger
3687.jpg,anger
3688.jpg,happy
3689.jpg,fear
3690.jpg,sad
3691.jpg,surprise
3692.jpg,disgust
3693.jpg,happy
3694.jpg,fear
3695.jpg,anger
3696.jpg,sad
3697.jpg,fear
3698.jpg,anger
3699.jpg,fear
3700.jpg,neutral
3701.jpg,happy
3702.jpg,happy
3703.jpg,sad
3704.jpg,anger
3705.jpg,disgust
3706.jpg,anger
3707.jpg,sad
3708.jpg,fear
3709.jpg,sad
3710.jpg,surprise
3711.jpg,anger
3712.jpg,sad
3713.jpg,sad
3714.jpg,sad
3715.jpg,sad
3716.jpg,surprise
3717.jpg,anger
3718.jpg,fear
3719.jpg,fear
3720.jpg,sad
3721.jpg,anger
3722.jpg,fear
3723.jpg,surprise
3724.jpg,neutral
3725.jpg,sad
3726.jpg,fear
3727.jpg,surprise
3728.jpg,disgust
3729.jpg,neutral
3730.jpg,anger
3731.jpg,disgust
3732.jpg,neutral
3733.jpg,sad
3734.jpg,anger
3735.jpg,anger
3736.jpg,fear
3737.jpg,happy
3738.jpg,sad
3739.jpg,fear
3740.jpg,fear
3741.jpg,fear
3742.jpg,sad
3743.jpg,fear
3744.jpg,neutral
3745.jpg,anger
3746.jpg,disgust
3747.jpg,disgust
3748.jpg,fear
3749.jpg,sad
3750.jpg,surprise
3751.jpg,fear
3752.jpg,fear
3753.jpg,anger
3754.jpg,anger
3755.jpg,surprise
3756.jpg,happy
3757.jpg,sad
3758.jpg,surprise
3759.jpg,disgust
3760.jpg,sad
3761.jpg,anger
3762.jpg,anger
3763.jpg,fear
3764.jpg,fear
3765.jpg,fear
3766.jpg,happy
3767.jpg,fear
3768.jpg,surprise
3769.jpg,surprise
3770.jpg,happy
3771.jpg,anger
3772.jpg,disgust
3773.jpg,sad
3774.jpg,neutral
3775.jpg,disgust
3776.jpg,neutral
3777.jpg,anger
3778.jpg,happy
3779.jpg,surprise
3780.jpg,fear
3781.jpg,anger
3782.jpg,happy
3783.jpg,anger
3784.jpg,fear
3785.jpg,fear
3786.jpg,anger
3787.jpg,surprise
3788.jpg,neutral
3789.jpg,sad
3790.jpg,fear
3791.jpg,anger
3792.jpg,fear
3793.jpg,happy
3794.jpg,fear
3795.jpg,fear
3796.jpg,fear
3797.jpg,sad
3798.jpg,fear
3799.jpg,fear
3800.jpg,contempt
3801.jpg,neutral
3802.jpg,surprise
3803.jpg,fear
3804.jpg,fear
3805.jpg,disgust
3806.jpg,surprise
3807.jpg,neutral
3808.jpg,happy
3809.jpg,anger
3810.jpg,fear
3811.jpg,neutral
3812.jpg,anger
3813.jpg,happy
3814.jpg,disgust
3815.jpg,disgust
3816.jpg,fear
3817.jpg,fear
3818.jpg,sad
3819.jpg,disgust
3820.jpg,anger
3821.jpg,surprise
3822.jpg,sad
3823.jpg,fear
3824.jpg,happy
3825.jpg,sad
3826.jpg,anger
3827.jpg,fear
3828.jpg,anger
3829.jpg,surprise
3830.jpg,fear
3831.jpg,fear
3832.jpg,neutral
3833.jpg,sad
3834.jpg,fear
3835.jpg,fear
3836.jpg,fear
3837.jpg,anger
3838.jpg,neutral
3839.jpg,sad
3840.jpg,fear
3841.jpg,disgust
3842.jpg,surprise
3843.jpg,disgust
3844.jpg,anger
3845.jpg,fear
3846.jpg,fear
3847.jpg,fear
3848.jpg,fear
3849.jpg,sad
3850.jpg,fear
3851.jpg,anger
3852.jpg,fear
3853.jpg,surprise
3854.jpg,sad
3855.jpg,fear
3856.jpg,anger
3857.jpg,fear
3858.jpg,sad
3859.jpg,uncertain
3860.jpg,contempt
3861.jpg,happy
3862.jpg,happy
3863.jpg,anger
3864.jpg,neutral
3865.jpg,fear
3866.jpg,fear
3867.jpg,happy
3868.jpg,anger
3869.jpg,fear
3870.jpg,happy
3871.jpg,anger
3872.jpg,neutral
3873.jpg,happy
3874.jpg,fear
3875.jpg,fear
3876.jpg,disgust
3877.jpg,fear
3878.jpg,sad
3879.jpg,disgust
3880.jpg,fear
3881.jpg,anger
3882.jpg,anger
3883.jpg,anger
3884.jpg,fear
3885.jpg,fear
3886.jpg,disgust
3887.jpg,sad
3888.jpg,happy
3889.jpg,fear
3890.jpg,fear
3891.jpg,happy
3892.jpg,anger
3893.jpg,sad
3894.jpg,fear
3895.jpg,sad
3896.jpg,sad
3897.jpg,neutral
3898.jpg,fear
3899.jpg,anger
3900.jpg,neutral
3901.jpg,happy
3902.jpg,fear
3903.jpg,fear
3904.jpg,anger
3905.jpg,fear
3906.jpg,sad
3907.jpg,anger
3908.jpg,contempt
3909.jpg,uncertain
3910.jpg,happy
3911.jpg,fear
3912.jpg,fear
3913.jpg,sad
3914.jpg,fear
3915.jpg,anger
3916.jpg,happy
3917.jpg,fear
3918.jpg,disgust
3919.jpg,disgust
3920.jpg,disgust
3921.jpg,fear
3922.jpg,anger
3923.jpg,surprise
3924.jpg,neutral
3925.jpg,fear
3926.jpg,disgust
3927.jpg,anger
3928.jpg,surprise
3929.jpg,disgust
3930.jpg,fear
3931.jpg,sad
3932.jpg,neutral
3933.jpg,sad
3934.jpg,fear
3935.jpg,surprise
3936.jpg,surprise
3937.jpg,anger
3938.jpg,happy
3939.jpg,happy
3940.jpg,contempt
3941.jpg,happy
3942.jpg,surprise
3943.jpg,neutral
3944.jpg,fear
3945.jpg,anger
3946.jpg,disgust
3947.jpg,fear
3948.jpg,anger
3949.jpg,anger
3950.jpg,fear
3951.jpg,fear
3952.jpg,disgust
3953.jpg,fear
3954.jpg,disgust
3955.jpg,anger
3956.jpg,fear
3957.jpg,fear
3958.jpg,fear
3959.jpg,fear
3960.jpg,anger
3961.jpg,disgust
3962.jpg,disgust
3963.jpg,surprise
3964.jpg,sad
3965.jpg,fear
3966.jpg,disgust
3967.jpg,sad
3968.jpg,disgust
3969.jpg,anger
3970.jpg,surprise
3971.jpg,happy
3972.jpg,happy
3973.jpg,happy
3974.jpg,disgust
3975.jpg,neutral
3976.jpg,happy
3977.jpg,anger
3978.jpg,fear
3979.jpg,disgust
3980.jpg,anger
3981.jpg,fear
3982.jpg,disgust
3983.jpg,fear
3984.jpg,disgust
3985.jpg,sad
3986.jpg,fear
3987.jpg,happy
3988.jpg,anger
3989.jpg,contempt
3990.jpg,happy
3991.jpg,fear
3992.jpg,fear
3993.jpg,anger
3994.jpg,anger
3995.jpg,sad
3996.jpg,happy
3997.jpg,neutral
3998.jpg,uncertain
3999.jpg,neutral
4000.jpg,fear
4001.jpg,sad
4002.jpg,happy
4003.jpg,disgust
4004.jpg,fear
4005.jpg,fear
4006.jpg,anger
4007.jpg,anger
4008.jpg,sad
4009.jpg,fear
4010.jpg,contempt
4011.jpg,sad
4012.jpg,neutral
4013.jpg,disgust
4014.jpg,sad
4015.jpg,happy
4016.jpg,disgust
4017.jpg,anger
4018.jpg,fear
4019.jpg,anger
4020.jpg,happy
4021.jpg,fear
4022.jpg,happy
4023.jpg,disgust
4024.jpg,neutral
4025.jpg,happy
4026.jpg,happy
4027.jpg,fear
4028.jpg,anger
4029.jpg,happy
4030.jpg,neutral
4031.jpg,fear
4032.jpg,anger
4033.jpg,fear
4034.jpg,surprise
4035.jpg,fear
4036.jpg,sad
4037.jpg,surprise
4038.jpg,surprise
4039.jpg,fear
4040.jpg,sad
4041.jpg,fear
4042.jpg,disgust
4043.jpg,fear
4044.jpg,sad
4045.jpg,sad
4046.jpg,happy
4047.jpg,fear
4048.jpg,fear
4049.jpg,neutral
4050.jpg,happy
4051.jpg,neutral
4052.jpg,disgust
4053.jpg,sad
4054.jpg,anger
4055.jpg,anger
4056.jpg,neutral
4057.jpg,sad
4058.jpg,happy
4059.jpg,sad
4060.jpg,anger
4061.jpg,fear
4062.jpg,contempt
4063.jpg,anger
4064.jpg,fear
4065.jpg,fear
4066.jpg,fear
4067.jpg,contempt
4068.jpg,contempt
4069.jpg,fear
4070.jpg,sad
4071.jpg,contempt
4072.jpg,sad
4073.jpg,happy
4074.jpg,happy
4075.jpg,sad
4076.jpg,fear
4077.jpg,sad
4078.jpg,fear
4079.jpg,surprise
4080.jpg,fear
4081.jpg,surprise
4082.jpg,anger
4083.jpg,uncertain
4084.jpg,anger
4085.jpg,sad
4086.jpg,neutral
4087.jpg,fear
4088.jpg,happy
4089.jpg,happy
4090.jpg,neutral
4091.jpg,fear
4092.jpg,sad
4093.jpg,fear
4094.jpg,fear
4095.jpg,fear
4096.jpg,uncertain
4097.jpg,sad
4098.jpg,contempt
4099.jpg,fear
4100.jpg,fear
4101.jpg,contempt
4102.jpg,anger
4103.jpg,sad
4104.jpg,sad
4105.jpg,sad
4106.jpg,contempt
4107.jpg,fear
4108.jpg,fear
4109.jpg,sad
4110.jpg,sad
4111.jpg,neutral
4112.jpg,neutral
4113.jpg,fear
4114.jpg,sad
4115.jpg,fear
4116.jpg,anger
4117.jpg,fear
4118.jpg,anger
4119.jpg,fear
4120.jpg,surprise
4121.jpg,contempt
4122.jpg,disgust
4123.jpg,fear
4124.jpg,fear
4125.jpg,anger
4126.jpg,fear
4127.jpg,fear
4128.jpg,happy
4129.jpg,fear
4130.jpg,happy
4131.jpg,anger
4132.jpg,uncertain
4133.jpg,disgust
4134.jpg,fear
4135.jpg,happy
4136.jpg,anger
4137.jpg,fear
4138.jpg,happy
4139.jpg,neutral
4140.jpg,surprise
4141.jpg,fear
4142.jpg,happy
4143.jpg,disgust
4144.jpg,sad
4145.jpg,disgust
4146.jpg,neutral
4147.jpg,fear
4148.jpg,anger
4149.jpg,sad
4150.jpg,neutral
4151.jpg,neutral
4152.jpg,happy
4153.jpg,fear
4154.jpg,anger
4155.jpg,uncertain
4156.jpg,happy
4157.jpg,anger
4158.jpg,sad
4159.jpg,disgust
4160.jpg,fear
4161.jpg,fear
4162.jpg,anger
4163.jpg,happy
4164.jpg,disgust
4165.jpg,sad
4166.jpg,fear
4167.jpg,disgust
4168.jpg,fear
4169.jpg,happy
4170.jpg,happy
4171.jpg,contempt
4172.jpg,fear
4173.jpg,happy
4174.jpg,disgust
4175.jpg,happy
4176.jpg,surprise
4177.jpg,sad
4178.jpg,disgust
4179.jpg,happy
4180.jpg,anger
4181.jpg,disgust
4182.jpg,happy
4183.jpg,fear
4184.jpg,fear
4185.jpg,disgust
4186.jpg,happy
4187.jpg,happy
4188.jpg,contempt
4189.jpg,happy
4190.jpg,disgust
4191.jpg,disgust
4192.jpg,disgust
4193.jpg,anger
4194.jpg,anger
4195.jpg,disgust
4196.jpg,fear
4197.jpg,happy
4198.jpg,fear
4199.jpg,surprise
4200.jpg,neutral
4201.jpg,sad
4202.jpg,neutral
4203.jpg,neutral
4204.jpg,sad
4205.jpg,sad
4206.jpg,disgust
4207.jpg,contempt
4208.jpg,fear
4209.jpg,fear
4210.jpg,fear
4211.jpg,fear
4212.jpg,disgust
4213.jpg,sad
4214.jpg,sad
4215.jpg,happy
4216.jpg,neutral
4217.jpg,happy
4218.jpg,fear
4219.jpg,surprise
4220.jpg,sad
4221.jpg,fear
4222.jpg,anger
4223.jpg,fear
4224.jpg,anger
4225.jpg,happy
4226.jpg,surprise
4227.jpg,fear
4228.jpg,anger
4229.jpg,surprise
4230.jpg,surprise
4231.jpg,disgust
4232.jpg,anger
4233.jpg,happy
4234.jpg,happy
4235.jpg,happy
4236.jpg,fear
4237.jpg,fear
4238.jpg,neutral
4239.jpg,fear
4240.jpg,contempt
4241.jpg,fear
4242.jpg,fear
4243.jpg,anger
4244.jpg,sad
4245.jpg,fear
4246.jpg,fear
4247.jpg,anger
4248.jpg,anger
4249.jpg,fear
4250.jpg,surprise
4251.jpg,anger
4252.jpg,fear
4253.jpg,happy
4254.jpg,fear
4255.jpg,disgust
4256.jpg,fear
4257.jpg,neutral
4258.jpg,disgust
4259.jpg,neutral
4260.jpg,disgust
4261.jpg,happy
4262.jpg,sad
4263.jpg,happy
4264.jpg,sad
4265.jpg,fear
4266.jpg,fear
4267.jpg,happy
4268.jpg,fear
4269.jpg,fear
4270.jpg,disgust
4271.jpg,fear
4272.jpg,fear
4273.jpg,anger
4274.jpg,sad
4275.jpg,fear
4276.jpg,happy
4277.jpg,fear
4278.jpg,neutral
4279.jpg,surprise
4280.jpg,neutral
4281.jpg,surprise
4282.jpg,fear
4283.jpg,fear
4284.jpg,happy
4285.jpg,disgust
4286.jpg,disgust
4287.jpg,anger
4288.jpg,fear
4289.jpg,fear
4290.jpg,sad
4291.jpg,surprise
4292.jpg,anger
4293.jpg,disgust
4294.jpg,happy
4295.jpg,fear
4296.jpg,anger
4297.jpg,happy
4298.jpg,anger
4299.jpg,surprise
4300.jpg,sad
4301.jpg,disgust
4302.jpg,fear
4303.jpg,contempt
4304.jpg,fear
4305.jpg,anger
4306.jpg,sad
4307.jpg,surprise
4308.jpg,fear
4309.jpg,anger
4310.jpg,anger
4311.jpg,anger
4312.jpg,anger
4313.jpg,neutral
4314.jpg,disgust
4315.jpg,happy
4316.jpg,anger
4317.jpg,happy
4318.jpg,contempt
4319.jpg,fear
4320.jpg,anger
4321.jpg,happy
4322.jpg,happy
4323.jpg,fear
4324.jpg,happy
4325.jpg,fear
4326.jpg,sad
4327.jpg,happy
4328.jpg,anger
4329.jpg,surprise
4330.jpg,anger
4331.jpg,happy
4332.jpg,happy
4333.jpg,fear
4334.jpg,surprise
4335.jpg,anger
4336.jpg,fear
4337.jpg,fear
4338.jpg,fear
4339.jpg,fear
4340.jpg,fear
4341.jpg,anger
4342.jpg,happy
4343.jpg,disgust
4344.jpg,contempt
4345.jpg,happy
4346.jpg,happy
4347.jpg,surprise
4348.jpg,fear
4349.jpg,fear
4350.jpg,fear
4351.jpg,sad
4352.jpg,fear
4353.jpg,contempt
4354.jpg,anger
4355.jpg,anger
4356.jpg,fear
4357.jpg,disgust
4358.jpg,happy
4359.jpg,surprise
4360.jpg,sad
4361.jpg,happy
4362.jpg,surprise
4363.jpg,fear
4364.jpg,disgust
4365.jpg,happy
4366.jpg,anger
4367.jpg,fear
4368.jpg,disgust
4369.jpg,happy
4370.jpg,surprise
4371.jpg,fear
4372.jpg,anger
4373.jpg,surprise
4374.jpg,sad
4375.jpg,sad
4376.jpg,happy
4377.jpg,neutral
4378.jpg,fear
4379.jpg,anger
4380.jpg,anger
4381.jpg,happy
4382.jpg,fear
4383.jpg,fear
4384.jpg,anger
4385.jpg,happy
4386.jpg,fear
4387.jpg,sad
4388.jpg,fear
4389.jpg,fear
4390.jpg,happy
4391.jpg,disgust
4392.jpg,anger
4393.jpg,anger
4394.jpg,happy
4395.jpg,fear
4396.jpg,surprise
4397.jpg,neutral
4398.jpg,anger
4399.jpg,fear
4400.jpg,neutral
4401.jpg,happy
4402.jpg,disgust
4403.jpg,fear
4404.jpg,fear
4405.jpg,surprise
4406.jpg,fear
4407.jpg,sad
4408.jpg,fear
4409.jpg,fear
4410.jpg,anger
4411.jpg,happy
4412.jpg,fear
4413.jpg,fear
4414.jpg,fear
4415.jpg,neutral
4416.jpg,fear
4417.jpg,fear
4418.jpg,surprise
4419.jpg,happy
4420.jpg,fear
4421.jpg,anger
4422.jpg,disgust
4423.jpg,fear
4424.jpg,happy
4425.jpg,surprise
4426.jpg,anger
4427.jpg,disgust
4428.jpg,fear
4429.jpg,neutral
4430.jpg,anger
4431.jpg,surprise
4432.jpg,sad
4433.jpg,anger
4434.jpg,anger
4435.jpg,fear
4436.jpg,fear
4437.jpg,anger
4438.jpg,neutral
4439.jpg,neutral
4440.jpg,fear
4441.jpg,anger
4442.jpg,contempt
4443.jpg,sad
4444.jpg,anger
4445.jpg,surprise
4446.jpg,anger
4447.jpg,surprise
4448.jpg,disgust
4449.jpg,anger
4450.jpg,sad
4451.jpg,anger
4452.jpg,anger
4453.jpg,sad
4454.jpg,sad
4455.jpg,happy
4456.jpg,fear
4457.jpg,surprise
4458.jpg,fear
4459.jpg,surprise
4460.jpg,anger
4461.jpg,surprise
4462.jpg,happy
4463.jpg,anger
4464.jpg,fear
4465.jpg,disgust
4466.jpg,fear
4467.jpg,anger
4468.jpg,happy
4469.jpg,anger
4470.jpg,happy
4471.jpg,fear
4472.jpg,happy
4473.jpg,disgust
4474.jpg,neutral
4475.jpg,sad
4476.jpg,surprise
4477.jpg,surprise
4478.jpg,sad
4479.jpg,fear
4480.jpg,sad
4481.jpg,sad
4482.jpg,fear
4483.jpg,neutral
4484.jpg,anger
4485.jpg,fear
4486.jpg,anger
4487.jpg,fear
4488.jpg,uncertain
4489.jpg,fear
4490.jpg,anger
4491.jpg,fear
4492.jpg,fear
4493.jpg,fear
4494.jpg,neutral
4495.jpg,fear
4496.jpg,surprise
4497.jpg,fear
4498.jpg,fear
4499.jpg,happy
4500.jpg,sad
4501.jpg,fear
4502.jpg,fear
4503.jpg,anger
4504.jpg,neutral
4505.jpg,sad
4506.jpg,fear
4507.jpg,anger
4508.jpg,disgust
4509.jpg,fear
4510.jpg,anger
4511.jpg,fear
4512.jpg,surprise
4513.jpg,disgust
4514.jpg,fear
4515.jpg,neutral
4516.jpg,happy
4517.jpg,disgust
4518.jpg,fear
4519.jpg,disgust
4520.jpg,anger
4521.jpg,fear
4522.jpg,anger
4523.jpg,fear
4524.jpg,sad
4525.jpg,neutral
4526.jpg,anger
4527.jpg,neutral
4528.jpg,neutral
4529.jpg,fear
4530.jpg,contempt
4531.jpg,fear
4532.jpg,fear
4533.jpg,anger
4534.jpg,disgust
4535.jpg,sad
4536.jpg,sad
4537.jpg,fear
4538.jpg,sad
4539.jpg,fear
4540.jpg,neutral
4541.jpg,surprise
4542.jpg,neutral
4543.jpg,disgust
4544.jpg,disgust
4545.jpg,surprise
4546.jpg,anger
4547.jpg,happy
4548.jpg,fear
4549.jpg,fear
4550.jpg,fear
4551.jpg,neutral
4552.jpg,anger
4553.jpg,fear
4554.jpg,sad
4555.jpg,anger
4556.jpg,neutral
4557.jpg,sad
4558.jpg,contempt
4559.jpg,disgust
4560.jpg,anger
4561.jpg,fear
4562.jpg,contempt
4563.jpg,anger
4564.jpg,surprise
4565.jpg,disgust
4566.jpg,sad
4567.jpg,fear
4568.jpg,surprise
4569.jpg,fear
4570.jpg,sad
4571.jpg,fear
4572.jpg,anger
4573.jpg,sad
4574.jpg,happy
4575.jpg,neutral
4576.jpg,sad
4577.jpg,sad
4578.jpg,sad
4579.jpg,fear
4580.jpg,neutral
4581.jpg,fear
4582.jpg,disgust
4583.jpg,fear
4584.jpg,fear
4585.jpg,fear
4586.jpg,fear
4587.jpg,fear
4588.jpg,contempt
4589.jpg,sad
4590.jpg,surprise
4591.jpg,fear
4592.jpg,neutral
4593.jpg,fear
4594.jpg,happy
4595.jpg,surprise
4596.jpg,fear
4597.jpg,fear
4598.jpg,contempt
4599.jpg,fear
4600.jpg,fear
4601.jpg,anger
4602.jpg,fear
4603.jpg,anger
4604.jpg,sad
4605.jpg,disgust
4606.jpg,fear
4607.jpg,happy
4608.jpg,anger
4609.jpg,fear
4610.jpg,fear
4611.jpg,disgust
4612.jpg,disgust
4613.jpg,neutral
4614.jpg,disgust
4615.jpg,fear
4616.jpg,disgust
4617.jpg,contempt
4618.jpg,disgust
4619.jpg,surprise
4620.jpg,anger
4621.jpg,contempt
4622.jpg,sad
4623.jpg,fear
4624.jpg,fear
4625.jpg,sad
4626.jpg,happy
4627.jpg,disgust
4628.jpg,fear
4629.jpg,fear
4630.jpg,sad
4631.jpg,fear
4632.jpg,neutral
4633.jpg,anger
4634.jpg,sad
4635.jpg,fear
4636.jpg,disgust
4637.jpg,fear
4638.jpg,neutral
4639.jpg,happy
4640.jpg,anger
4641.jpg,neutral
4642.jpg,fear
4643.jpg,contempt
4644.jpg,sad
4645.jpg,disgust
4646.jpg,anger
4647.jpg,anger
4648.jpg,contempt
4649.jpg,disgust
4650.jpg,anger
4651.jpg,disgust
4652.jpg,fear
4653.jpg,fear
4654.jpg,happy
4655.jpg,contempt
4656.jpg,anger
4657.jpg,fear
4658.jpg,anger
4659.jpg,anger
4660.jpg,neutral
4661.jpg,fear
4662.jpg,fear
4663.jpg,sad
4664.jpg,fear
4665.jpg,anger
4666.jpg,sad
4667.jpg,sad
4668.jpg,fear
4669.jpg,neutral
4670.jpg,happy
4671.jpg,anger
4672.jpg,anger
4673.jpg,happy
4674.jpg,fear
4675.jpg,disgust
4676.jpg,fear
4677.jpg,happy
4678.jpg,surprise
4679.jpg,fear
4680.jpg,sad
4681.jpg,anger
4682.jpg,sad
4683.jpg,contempt
4684.jpg,anger
4685.jpg,neutral
4686.jpg,sad
4687.jpg,sad
4688.jpg,surprise
4689.jpg,fear
4690.jpg,sad
4691.jpg,anger
4692.jpg,anger
4693.jpg,contempt
4694.jpg,sad
4695.jpg,contempt
4696.jpg,contempt
4697.jpg,fear
4698.jpg,neutral
4699.jpg,happy
4700.jpg,fear
4701.jpg,fear
4702.jpg,sad
4703.jpg,anger
4704.jpg,neutral
4705.jpg,sad
4706.jpg,sad
4707.jpg,anger
4708.jpg,contempt
4709.jpg,happy
4710.jpg,neutral
4711.jpg,anger
4712.jpg,sad
4713.jpg,anger
4714.jpg,anger
4715.jpg,surprise
4716.jpg,fear
4717.jpg,sad
4718.jpg,neutral
4719.jpg,fear
4720.jpg,anger
4721.jpg,disgust
4722.jpg,contempt
4723.jpg,sad
4724.jpg,happy
4725.jpg,fear
4726.jpg,sad
4727.jpg,anger
4728.jpg,sad
4729.jpg,contempt
4730.jpg,disgust
4731.jpg,anger
4732.jpg,anger
4733.jpg,disgust
4734.jpg,anger
4735.jpg,happy
4736.jpg,anger
4737.jpg,anger
4738.jpg,fear
4739.jpg,disgust
4740.jpg,sad
4741.jpg,fear
4742.jpg,surprise
4743.jpg,fear
4744.jpg,contempt
4745.jpg,sad
4746.jpg,fear
4747.jpg,neutral
4748.jpg,fear
4749.jpg,disgust
4750.jpg,surprise
4751.jpg,sad
4752.jpg,fear
4753.jpg,fear
4754.jpg,fear
4755.jpg,contempt
4756.jpg,disgust
4757.jpg,fear
4758.jpg,neutral
4759.jpg,anger
4760.jpg,fear
4761.jpg,sad
4762.jpg,happy
4763.jpg,anger
4764.jpg,sad
4765.jpg,sad
4766.jpg,happy
4767.jpg,surprise
4768.jpg,fear
4769.jpg,fear
4770.jpg,fear
4771.jpg,anger
4772.jpg,sad
4773.jpg,fear
4774.jpg,sad
4775.jpg,contempt
4776.jpg,disgust
4777.jpg,sad
4778.jpg,happy
4779.jpg,fear
4780.jpg,sad
4781.jpg,happy
4782.jpg,fear
4783.jpg,contempt
4784.jpg,surprise
4785.jpg,sad
4786.jpg,happy
4787.jpg,sad
4788.jpg,fear
4789.jpg,anger
4790.jpg,anger
4791.jpg,disgust
4792.jpg,fear
4793.jpg,fear
4794.jpg,fear
4795.jpg,neutral
4796.jpg,sad
4797.jpg,happy
4798.jpg,anger
4799.jpg,anger
4800.jpg,anger
4801.jpg,disgust
4802.jpg,anger
4803.jpg,sad
4804.jpg,anger
4805.jpg,happy
4806.jpg,fear
4807.jpg,anger
4808.jpg,sad
4809.jpg,fear
4810.jpg,neutral
4811.jpg,sad
4812.jpg,fear
4813.jpg,disgust
4814.jpg,sad
4815.jpg,anger
4816.jpg,uncertain
4817.jpg,happy
4818.jpg,uncertain
4819.jpg,neutral
4820.jpg,happy
4821.jpg,fear
4822.jpg,happy
4823.jpg,disgust
4824.jpg,fear
4825.jpg,sad
4826.jpg,anger
4827.jpg,sad
4828.jpg,fear
4829.jpg,happy
4830.jpg,sad
4831.jpg,happy
4832.jpg,contempt
4833.jpg,happy
4834.jpg,fear
4835.jpg,happy
4836.jpg,anger
4837.jpg,sad
4838.jpg,anger
4839.jpg,disgust
4840.jpg,fear
4841.jpg,fear
4842.jpg,sad
4843.jpg,fear
4844.jpg,fear
4845.jpg,surprise
4846.jpg,sad
4847.jpg,anger
4848.jpg,fear
4849.jpg,anger
4850.jpg,disgust
4851.jpg,happy
4852.jpg,anger
4853.jpg,neutral
4854.jpg,sad
4855.jpg,surprise
4856.jpg,surprise
4857.jpg,disgust
4858.jpg,anger
4859.jpg,happy
4860.jpg,fear
4861.jpg,disgust
4862.jpg,happy
4863.jpg,disgust
4864.jpg,happy
4865.jpg,fear
4866.jpg,fear
4867.jpg,fear
4868.jpg,neutral
4869.jpg,sad
4870.jpg,sad
4871.jpg,neutral
4872.jpg,fear
4873.jpg,anger
4874.jpg,neutral
4875.jpg,sad
4876.jpg,sad
4877.jpg,fear
4878.jpg,neutral
4879.jpg,surprise
4880.jpg,neutral
4881.jpg,disgust
4882.jpg,fear
4883.jpg,fear
4884.jpg,anger
4885.jpg,anger
4886.jpg,fear
4887.jpg,fear
4888.jpg,anger
4889.jpg,fear
4890.jpg,contempt
4891.jpg,anger
4892.jpg,anger
4893.jpg,happy
4894.jpg,fear
4895.jpg,anger
4896.jpg,sad
4897.jpg,contempt
4898.jpg,fear
4899.jpg,anger
4900.jpg,sad
4901.jpg,fear
4902.jpg,sad
4903.jpg,sad
4904.jpg,disgust
4905.jpg,fear
4906.jpg,neutral
4907.jpg,neutral
4908.jpg,fear
4909.jpg,disgust
4910.jpg,surprise
4911.jpg,fear
4912.jpg,fear
4913.jpg,anger
4914.jpg,happy
4915.jpg,sad
4916.jpg,sad
4917.jpg,fear
4918.jpg,happy
4919.jpg,anger
4920.jpg,anger
4921.jpg,fear
4922.jpg,surprise
4923.jpg,fear
4924.jpg,anger
4925.jpg,anger
4926.jpg,anger
4927.jpg,contempt
4928.jpg,anger
4929.jpg,fear
4930.jpg,anger
4931.jpg,sad
4932.jpg,surprise
4933.jpg,contempt
4934.jpg,contempt
4935.jpg,fear
4936.jpg,anger
4937.jpg,neutral
4938.jpg,fear
4939.jpg,contempt
4940.jpg,surprise
4941.jpg,neutral
4942.jpg,fear
4943.jpg,fear
4944.jpg,fear
4945.jpg,fear
4946.jpg,happy
4947.jpg,sad
4948.jpg,anger
4949.jpg,fear
4950.jpg,anger
4951.jpg,sad
4952.jpg,fear
4953.jpg,surprise
4954.jpg,anger
4955.jpg,neutral
4956.jpg,contempt
4957.jpg,fear
4958.jpg,neutral
4959.jpg,contempt
4960.jpg,fear
4961.jpg,sad
4962.jpg,fear
4963.jpg,disgust
4964.jpg,neutral
4965.jpg,anger
4966.jpg,anger
4967.jpg,fear
4968.jpg,disgust
4969.jpg,happy
4970.jpg,fear
4971.jpg,surprise
4972.jpg,surprise
4973.jpg,fear
4974.jpg,fear
4975.jpg,contempt
4976.jpg,happy
4977.jpg,happy
4978.jpg,fear
4979.jpg,sad
4980.jpg,anger
4981.jpg,anger
4982.jpg,neutral
4983.jpg,sad
4984.jpg,neutral
4985.jpg,fear
4986.jpg,disgust
4987.jpg,anger
4988.jpg,fear
4989.jpg,contempt
4990.jpg,fear
4991.jpg,fear
4992.jpg,neutral
4993.jpg,sad
4994.jpg,sad
4995.jpg,fear
4996.jpg,fear
4997.jpg,fear
4998.jpg,sad
4999.jpg,anger
